,Close
2021-08-02 00:00:00-04:00,42.63069520457131
2021-08-03 00:00:00-04:00,42.25748100162138
2021-08-04 00:00:00-04:00,41.54716655764144
2021-08-05 00:00:00-04:00,41.49453147143096
2021-08-06 00:00:00-04:00,41.31883131560748
2021-08-09 00:00:00-04:00,40.97847500682816
2021-08-10 00:00:00-04:00,41.02977936220571
2021-08-11 00:00:00-04:00,40.807653552683405
2021-08-12 00:00:00-04:00,41.270934166157275
2021-08-13 00:00:00-04:00,41.27832542006239
2021-08-16 00:00:00-04:00,41.5637672507587
2021-08-17 00:00:00-04:00,41.22664761259149
2021-08-18 00:00:00-04:00,41.53604295739978
2021-08-19 00:00:00-04:00,41.35381322317308
2021-08-20 00:00:00-04:00,40.99431491344023
2021-08-23 00:00:00-04:00,41.46050248673438
2021-08-24 00:00:00-04:00,41.0878784370144
2021-08-25 00:00:00-04:00,41.05767697853117
2021-08-26 00:00:00-04:00,41.555922229957865
2021-08-27 00:00:00-04:00,41.75866873167542
2021-08-30 00:00:00-04:00,42.20744234550867
2021-08-31 00:00:00-04:00,41.03623320428315
2021-09-01 00:00:00-04:00,41.05932697454663
2021-09-02 00:00:00-04:00,40.56824431529493
2021-09-03 00:00:00-04:00,40.533495792854
2021-09-06 00:00:00-04:00,39.64933164558386
2021-09-07 00:00:00-04:00,39.87766027742728
2021-09-08 00:00:00-04:00,39.83272784962264
2021-09-09 00:00:00-04:00,39.697243660848784
2021-09-10 00:00:00-04:00,40.01448003123571
2021-09-13 00:00:00-04:00,39.7353335013783
2021-09-14 00:00:00-04:00,39.4847436059237
2021-09-15 00:00:00-04:00,39.42114588939847
2021-09-16 00:00:00-04:00,39.328533542126316
2021-09-17 00:00:00-04:00,38.868654972606905
2021-09-20 00:00:00-04:00,39.41668423386573
2021-09-21 00:00:00-04:00,40.13731534158012
2021-09-22 00:00:00-04:00,40.91390539624054
2021-09-23 00:00:00-04:00,41.27324753840431
2021-09-24 00:00:00-04:00,41.71530785473867
2021-09-27 00:00:00-04:00,42.06780886589862
2021-09-28 00:00:00-04:00,42.751957076385175
2021-09-29 00:00:00-04:00,42.40526448798901
2021-09-30 00:00:00-04:00,42.2202045318144
2021-10-01 00:00:00-04:00,43.136458703534636
2021-10-04 00:00:00-04:00,43.03458545195073
2021-10-05 00:00:00-04:00,43.64942352514787
2021-10-06 00:00:00-04:00,43.71798420320867
2021-10-07 00:00:00-04:00,44.348528145777316
2021-10-08 00:00:00-04:00,43.64585766145958
2021-10-11 00:00:00-04:00,43.38303103089046
2021-10-12 00:00:00-04:00,44.01200335329973
2021-10-13 00:00:00-04:00,43.769918069524145
2021-10-14 00:00:00-04:00,44.447858013901346
2021-10-15 00:00:00-04:00,44.48388615206519
2021-10-18 00:00:00-04:00,44.966052673906454
2021-10-19 00:00:00-04:00,45.119401291134125
2021-10-20 00:00:00-04:00,44.80849699204937
2021-10-21 00:00:00-04:00,44.86050970198763
2021-10-22 00:00:00-04:00,44.697014217325325
2021-10-25 00:00:00-04:00,44.237040889029146
2021-10-26 00:00:00-04:00,44.736336888051426
2021-10-27 00:00:00-04:00,45.285158277694244
2021-10-28 00:00:00-04:00,45.998572867926065
2021-10-29 00:00:00-04:00,46.14572808215
2021-11-01 00:00:00-04:00,46.49965724229717
2021-11-02 00:00:00-04:00,47.17284413706882
2021-11-03 00:00:00-04:00,47.34130197963543
2021-11-04 00:00:00-04:00,47.56768075806479
2021-11-05 00:00:00-04:00,48.206735819964834
2021-11-08 00:00:00-05:00,48.07975880638988
2021-11-09 00:00:00-05:00,48.15462576955897
2021-11-10 00:00:00-05:00,47.63788555818822
2021-11-11 00:00:00-05:00,47.67054545492493
2021-11-12 00:00:00-05:00,47.43715486413686
2021-11-15 00:00:00-05:00,47.142881336558936
2021-11-16 00:00:00-05:00,46.78167312193706
2021-11-17 00:00:00-05:00,45.88418580448512
2021-11-18 00:00:00-05:00,46.66205987242725
2021-11-19 00:00:00-05:00,46.439660481737576
2021-11-22 00:00:00-05:00,47.094537059914764
2021-11-23 00:00:00-05:00,46.90205791106648
2021-11-24 00:00:00-05:00,47.01603679532029
2021-11-25 00:00:00-05:00,46.992063407148365
2021-11-26 00:00:00-05:00,47.32407157451472
2021-11-29 00:00:00-05:00,48.415784189379096
2021-11-30 00:00:00-05:00,48.64386698655621
2021-12-01 00:00:00-05:00,48.383144151003314
2021-12-02 00:00:00-05:00,48.397240656479944
2021-12-03 00:00:00-05:00,47.67843390323604
2021-12-06 00:00:00-05:00,47.98092675355954
2021-12-07 00:00:00-05:00,47.67064271213544
2021-12-08 00:00:00-05:00,47.90651754756987
2021-12-09 00:00:00-05:00,48.526471077942034
2021-12-10 00:00:00-05:00,48.337054260096714
2021-12-13 00:00:00-05:00,47.79259681397709
2021-12-14 00:00:00-05:00,48.1653952750452
2021-12-15 00:00:00-05:00,47.70725926034769
2021-12-16 00:00:00-05:00,47.27800960603048
2021-12-17 00:00:00-05:00,47.278693309372414
2021-12-20 00:00:00-05:00,46.50087369827063
2021-12-21 00:00:00-05:00,46.11221278527345
2021-12-22 00:00:00-05:00,46.568653731137395
2021-12-23 00:00:00-05:00,46.84597496427546
2021-12-24 00:00:00-05:00,47.94737866895214
2021-12-27 00:00:00-05:00,48.09639129510374
2021-12-28 00:00:00-05:00,48.85745061658838
2021-12-29 00:00:00-05:00,48.509767489323934
2021-12-30 00:00:00-05:00,48.70304233115954
2021-12-31 00:00:00-05:00,48.7748878635978
2022-01-03 00:00:00-05:00,48.154966682610755
2022-01-04 00:00:00-05:00,48.062659084928825
2022-01-05 00:00:00-05:00,47.373264148421576
2022-01-06 00:00:00-05:00,46.70008943671674
2022-01-07 00:00:00-05:00,45.66985146600246
2022-01-10 00:00:00-05:00,45.95624211251724
2022-01-11 00:00:00-05:00,46.03780955688777
2022-01-12 00:00:00-05:00,46.479243219560914
2022-01-13 00:00:00-05:00,47.07671087184321
2022-01-14 00:00:00-05:00,46.82809496371706
2022-01-17 00:00:00-05:00,47.456586572197885
2022-01-18 00:00:00-05:00,47.61506825101739
2022-01-19 00:00:00-05:00,47.644782901472254
2022-01-20 00:00:00-05:00,48.17497819253669
2022-01-21 00:00:00-05:00,47.38974950240955
2022-01-24 00:00:00-05:00,48.18931415134686
2022-01-25 00:00:00-05:00,48.212739118766244
2022-01-26 00:00:00-05:00,47.278109119173294
2022-01-27 00:00:00-05:00,47.62393726644304
2022-01-28 00:00:00-05:00,48.035568665443435
2022-01-31 00:00:00-05:00,47.612914411611
2022-02-01 00:00:00-05:00,46.894225166680684
2022-02-02 00:00:00-05:00,46.81388966064568
2022-02-03 00:00:00-05:00,46.56251343531405
2022-02-04 00:00:00-05:00,46.288869001221556
2022-02-07 00:00:00-05:00,47.71599676267408
2022-02-08 00:00:00-05:00,48.330569630843044
2022-02-09 00:00:00-05:00,47.8816328827382
2022-02-10 00:00:00-05:00,48.33253739281719
2022-02-11 00:00:00-05:00,47.91060061209499
2022-02-14 00:00:00-05:00,47.58465106805205
2022-02-15 00:00:00-05:00,46.93654831481608
2022-02-16 00:00:00-05:00,47.94817163057841
2022-02-17 00:00:00-05:00,48.91277665035587
2022-02-18 00:00:00-05:00,49.597178734430635
2022-02-21 00:00:00-05:00,49.805483559463106
2022-02-22 00:00:00-05:00,50.0622002557566
2022-02-23 00:00:00-05:00,49.639349322428544
2022-02-24 00:00:00-05:00,50.1867061202817
2022-02-25 00:00:00-05:00,49.978933872483196
2022-02-28 00:00:00-05:00,49.49330364538291
2022-03-01 00:00:00-05:00,50.15805534918025
2022-03-02 00:00:00-05:00,50.80027785059974
2022-03-03 00:00:00-05:00,51.09002317129979
2022-03-04 00:00:00-05:00,51.672623684769064
2022-03-07 00:00:00-05:00,51.915117561272915
2022-03-08 00:00:00-05:00,50.6014570170342
2022-03-09 00:00:00-05:00,50.97284469268598
2022-03-10 00:00:00-05:00,50.828727473406175
2022-03-11 00:00:00-05:00,50.60904750022776
2022-03-14 00:00:00-04:00,50.40170248507768
2022-03-15 00:00:00-04:00,50.01288894776717
2022-03-16 00:00:00-04:00,49.9459687493007
2022-03-17 00:00:00-04:00,49.47233362771872
2022-03-18 00:00:00-04:00,49.988841290809575
2022-03-21 00:00:00-04:00,50.37975051967345
2022-03-22 00:00:00-04:00,49.829250678012365
2022-03-23 00:00:00-04:00,49.29685121896204
2022-03-24 00:00:00-04:00,49.739242106599136
2022-03-25 00:00:00-04:00,50.11070975738955
2022-03-28 00:00:00-04:00,50.901883574546865
2022-03-29 00:00:00-04:00,50.65293181552014
2022-03-30 00:00:00-04:00,50.12157945484726
2022-03-31 00:00:00-04:00,50.49069527349084
2022-04-01 00:00:00-04:00,50.33165910391559
2022-04-04 00:00:00-04:00,49.66169451805129
2022-04-05 00:00:00-04:00,49.742736260417814
2022-04-06 00:00:00-04:00,49.967495510540914
2022-04-07 00:00:00-04:00,50.03021761025066
2022-04-08 00:00:00-04:00,50.22412379775562
2022-04-11 00:00:00-04:00,51.04499473949769
2022-04-12 00:00:00-04:00,50.65410336700657
2022-04-13 00:00:00-04:00,51.24558643701614
2022-04-14 00:00:00-04:00,51.8451153667828
2022-04-15 00:00:00-04:00,51.74964754202568
2022-04-18 00:00:00-04:00,51.99760985629501
2022-04-19 00:00:00-04:00,51.82129511775888
2022-04-20 00:00:00-04:00,51.400022157784726
2022-04-21 00:00:00-04:00,52.00264097348068
2022-04-22 00:00:00-04:00,51.70233537553718
2022-04-25 00:00:00-04:00,51.79979769641645
2022-04-26 00:00:00-04:00,51.54081853680032
2022-04-27 00:00:00-04:00,51.39074248418096
2022-04-28 00:00:00-04:00,51.571817107121156
2022-04-29 00:00:00-04:00,51.43482015292762
2022-05-02 00:00:00-04:00,51.06413862264032
2022-05-03 00:00:00-04:00,51.19766991615674
2022-05-04 00:00:00-04:00,51.07873149185013
2022-05-05 00:00:00-04:00,50.90863459283631
2022-05-06 00:00:00-04:00,50.669822299277
2022-05-09 00:00:00-04:00,50.27125095299164
2022-05-10 00:00:00-04:00,49.844225601921636
2022-05-11 00:00:00-04:00,49.88420545943692
2022-05-12 00:00:00-04:00,49.328653903120035
2022-05-13 00:00:00-04:00,49.5500169255195
2022-05-16 00:00:00-04:00,49.719547679670264
2022-05-17 00:00:00-04:00,48.920684409694886
2022-05-18 00:00:00-04:00,49.31661444960165
2022-05-19 00:00:00-04:00,48.34667358012043
2022-05-20 00:00:00-04:00,48.20207839844045
2022-05-23 00:00:00-04:00,48.23780105990043
2022-05-24 00:00:00-04:00,48.06727044677362
2022-05-25 00:00:00-04:00,47.227666181214744
2022-05-26 00:00:00-04:00,46.85802576045111
2022-05-27 00:00:00-04:00,47.06804738775553
2022-05-30 00:00:00-04:00,47.55273381737582
2022-05-31 00:00:00-04:00,47.29531755052225
2022-06-01 00:00:00-04:00,47.95819207205721
2022-06-02 00:00:00-04:00,48.057228734773766
2022-06-03 00:00:00-04:00,48.66719623220446
2022-06-06 00:00:00-04:00,48.592445709576026
2022-06-07 00:00:00-04:00,48.61869996821523
2022-06-08 00:00:00-04:00,49.38225973076196
2022-06-09 00:00:00-04:00,49.81675143679589
2022-06-10 00:00:00-04:00,49.44712583814274
2022-06-13 00:00:00-04:00,50.40431004426562
2022-06-14 00:00:00-04:00,50.35164048703215
2022-06-15 00:00:00-04:00,49.79344432400333
2022-06-16 00:00:00-04:00,50.11179721784452
2022-06-17 00:00:00-04:00,49.03006897130287
2022-06-20 00:00:00-04:00,49.532691149706125
2022-06-21 00:00:00-04:00,49.75570522138743
2022-06-22 00:00:00-04:00,50.15158006630785
2022-06-23 00:00:00-04:00,49.55340458173223
2022-06-24 00:00:00-04:00,49.63539001974478
2022-06-27 00:00:00-04:00,50.25048428075677
2022-06-28 00:00:00-04:00,50.30395690738504
2022-06-29 00:00:00-04:00,50.29873514115067
2022-06-30 00:00:00-04:00,51.393769250572696
2022-07-01 00:00:00-04:00,51.80226119783879
2022-07-04 00:00:00-04:00,51.23652715319067
2022-07-05 00:00:00-04:00,51.57771491212132
2022-07-06 00:00:00-04:00,51.55768228634364
2022-07-07 00:00:00-04:00,51.59578676824754
2022-07-08 00:00:00-04:00,51.74614107951789
2022-07-11 00:00:00-04:00,50.884208657567704
2022-07-12 00:00:00-04:00,51.34944089814513
2022-07-13 00:00:00-04:00,52.29380316976095
2022-07-14 00:00:00-04:00,51.68304982814757
2022-07-15 00:00:00-04:00,51.1213017647574
2022-07-18 00:00:00-04:00,51.16415199935937
2022-07-19 00:00:00-04:00,51.69482149086095
2022-07-20 00:00:00-04:00,52.72218645657952
2022-07-21 00:00:00-04:00,51.98103383560473
2022-07-22 00:00:00-04:00,52.21457122503654
2022-07-25 00:00:00-04:00,52.16796966149787
2022-07-26 00:00:00-04:00,52.108254014696996
2022-07-27 00:00:00-04:00,52.734012641158415
2022-07-28 00:00:00-04:00,52.199617532826665
2022-07-29 00:00:00-04:00,53.0564856980708
2022-08-01 00:00:00-04:00,54.40332058275843
2022-08-02 00:00:00-04:00,54.97909293194264
2022-08-03 00:00:00-04:00,54.80403632898685
2022-08-04 00:00:00-04:00,54.607184195317245
2022-08-05 00:00:00-04:00,54.706297849914264
2022-08-08 00:00:00-04:00,54.107073860219174
2022-08-09 00:00:00-04:00,53.75350067745527
2022-08-10 00:00:00-04:00,54.47751513032833
2022-08-11 00:00:00-04:00,54.21156050331056
2022-08-12 00:00:00-04:00,53.58360674501816
2022-08-15 00:00:00-04:00,54.4603005905781
2022-08-16 00:00:00-04:00,55.03003941881471
2022-08-17 00:00:00-04:00,54.44292793288215
2022-08-18 00:00:00-04:00,53.6400073886953
2022-08-19 00:00:00-04:00,53.59209839442301
2022-08-22 00:00:00-04:00,53.651605812303366
2022-08-23 00:00:00-04:00,53.2641440231749
2022-08-24 00:00:00-04:00,51.77116597017575
2022-08-25 00:00:00-04:00,51.1696842436612
2022-08-26 00:00:00-04:00,50.15493504340132
2022-08-29 00:00:00-04:00,49.762711101811036
2022-08-30 00:00:00-04:00,48.98854956436822
2022-08-31 00:00:00-04:00,50.04121962944799
2022-09-01 00:00:00-04:00,50.78676825980789
2022-09-02 00:00:00-04:00,50.77524784006604
2022-09-05 00:00:00-04:00,50.744698488817704
2022-09-06 00:00:00-04:00,49.98337960896324
2022-09-07 00:00:00-04:00,51.09078928948467
2022-09-08 00:00:00-04:00,50.81103936044055
2022-09-09 00:00:00-04:00,50.485911572737265
2022-09-12 00:00:00-04:00,50.62248568265599
2022-09-13 00:00:00-04:00,49.72264098826066
2022-09-14 00:00:00-04:00,49.4205497550733
2022-09-15 00:00:00-04:00,49.367829940461206
2022-09-16 00:00:00-04:00,48.98056939233967
2022-09-19 00:00:00-04:00,49.30916655589773
2022-09-20 00:00:00-04:00,48.37628619038818
2022-09-21 00:00:00-04:00,48.870635256686974
2022-09-22 00:00:00-04:00,49.8360584886881
2022-09-23 00:00:00-04:00,49.4142954685465
2022-09-26 00:00:00-04:00,48.378116253547525
2022-09-27 00:00:00-04:00,48.233361531172626
2022-09-28 00:00:00-04:00,48.35839786582988
2022-09-29 00:00:00-04:00,48.71531744412544
2022-09-30 00:00:00-04:00,48.90916236564532
2022-10-03 00:00:00-04:00,49.252865132153424
2022-10-04 00:00:00-04:00,48.29481864048278
2022-10-05 00:00:00-04:00,47.2845856191691
2022-10-06 00:00:00-04:00,47.812591440281864
2022-10-07 00:00:00-04:00,48.11906864377079
2022-10-10 00:00:00-04:00,47.34782089815461
2022-10-11 00:00:00-04:00,48.19924455647704
2022-10-12 00:00:00-04:00,48.102186078399406
2022-10-13 00:00:00-04:00,47.999965665333576
2022-10-14 00:00:00-04:00,47.75412409874746
2022-10-17 00:00:00-04:00,48.329693481600074
2022-10-18 00:00:00-04:00,48.62659484665461
2022-10-19 00:00:00-04:00,48.541140149482004
2022-10-20 00:00:00-04:00,48.57950415463209
2022-10-21 00:00:00-04:00,48.670255580854466
2022-10-24 00:00:00-04:00,48.17968627616802
2022-10-25 00:00:00-04:00,48.66701677280662
2022-10-26 00:00:00-04:00,48.96043312706301
2022-10-27 00:00:00-04:00,49.51039637260726
2022-10-28 00:00:00-04:00,48.90106687878375
2022-10-31 00:00:00-04:00,48.70954745127707
2022-11-01 00:00:00-04:00,48.79641895484722
2022-11-02 00:00:00-04:00,49.11676266700499
2022-11-03 00:00:00-04:00,50.00690906602839
2022-11-04 00:00:00-04:00,49.52339544687987
2022-11-07 00:00:00-05:00,49.27830010890896
2022-11-08 00:00:00-05:00,49.93885958103451
2022-11-09 00:00:00-05:00,49.69974873311635
2022-11-10 00:00:00-05:00,51.126868141704854
2022-11-11 00:00:00-05:00,51.43076850244835
2022-11-14 00:00:00-05:00,51.0698190633673
2022-11-15 00:00:00-05:00,51.56567567623959
2022-11-16 00:00:00-05:00,51.4159885153088
2022-11-17 00:00:00-05:00,51.70510674363506
2022-11-18 00:00:00-05:00,51.45943850676561
2022-11-21 00:00:00-05:00,52.01200219720577
2022-11-22 00:00:00-05:00,52.187648007811546
2022-11-23 00:00:00-05:00,51.228636627381
2022-11-24 00:00:00-05:00,50.40176761094584
2022-11-25 00:00:00-05:00,51.18105344298743
2022-11-28 00:00:00-05:00,51.160996701305095
2022-11-29 00:00:00-05:00,51.95548288747126
2022-11-30 00:00:00-05:00,52.633088111896114
2022-12-01 00:00:00-05:00,52.31281334659692
2022-12-02 00:00:00-05:00,53.13835980131045
2022-12-05 00:00:00-05:00,53.191960275341465
2022-12-06 00:00:00-05:00,53.38080258879783
2022-12-07 00:00:00-05:00,53.03055565080172
2022-12-08 00:00:00-05:00,52.540352319293135
2022-12-09 00:00:00-05:00,52.01082569806327
2022-12-12 00:00:00-05:00,50.98014085121196
2022-12-13 00:00:00-05:00,50.78010725883154
2022-12-14 00:00:00-05:00,49.95101824640087
2022-12-15 00:00:00-05:00,49.3098820344143
2022-12-16 00:00:00-05:00,49.409040796440834
2022-12-19 00:00:00-05:00,49.61564397236107
2022-12-20 00:00:00-05:00,49.41480823912408
2022-12-21 00:00:00-05:00,49.84128853082812
2022-12-22 00:00:00-05:00,49.69189515033358
2022-12-23 00:00:00-05:00,50.47170487241541
2022-12-26 00:00:00-05:00,51.00808652553773
2022-12-27 00:00:00-05:00,50.988702032561775
2022-12-28 00:00:00-05:00,52.08570832014689
2022-12-29 00:00:00-05:00,52.56399203087672
2022-12-30 00:00:00-05:00,53.1910876337926
2023-01-02 00:00:00-05:00,52.283053488599904
2023-01-03 00:00:00-05:00,51.65326661670385
2023-01-04 00:00:00-05:00,51.70212639647586
2023-01-05 00:00:00-05:00,51.11932823397745
2023-01-06 00:00:00-05:00,51.32391186471562
2023-01-09 00:00:00-05:00,51.96261425440172
2023-01-10 00:00:00-05:00,52.113210530951456
2023-01-11 00:00:00-05:00,53.87052153881166
2023-01-12 00:00:00-05:00,54.0850956944536
2023-01-13 00:00:00-05:00,54.44425234756349
2023-01-16 00:00:00-05:00,54.531751751766045
2023-01-17 00:00:00-05:00,54.853857783124624
2023-01-18 00:00:00-05:00,54.7944273097124
2023-01-19 00:00:00-05:00,54.89769019956342
2023-01-20 00:00:00-05:00,56.23512977944591
2023-01-23 00:00:00-05:00,56.405423325935985
2023-01-24 00:00:00-05:00,58.3308927061447
2023-01-25 00:00:00-05:00,58.0134276867397
2023-01-26 00:00:00-05:00,57.246863999600876
2023-01-27 00:00:00-05:00,56.854777725666246
2023-01-30 00:00:00-05:00,56.653135340889214
2023-01-31 00:00:00-05:00,55.90189063969054
2023-02-01 00:00:00-05:00,55.19533033646831
2023-02-02 00:00:00-05:00,55.17348740023703
2023-02-03 00:00:00-05:00,55.32674438855039
2023-02-06 00:00:00-05:00,55.25564942337916
2023-02-07 00:00:00-05:00,55.26268961338095
2023-02-08 00:00:00-05:00,54.94391769827126
2023-02-09 00:00:00-05:00,54.60070721756089
2023-02-10 00:00:00-05:00,55.368739548762576
2023-02-13 00:00:00-05:00,55.83639759175283
2023-02-14 00:00:00-05:00,55.07123741071271
2023-02-15 00:00:00-05:00,54.62382647414878
2023-02-16 00:00:00-05:00,54.83833800422082
2023-02-17 00:00:00-05:00,55.08028055484431
2023-02-20 00:00:00-05:00,55.69428262351247
2023-02-21 00:00:00-05:00,55.50743044151698
2023-02-22 00:00:00-05:00,54.42107571974746
2023-02-23 00:00:00-05:00,53.750220505724066
2023-02-24 00:00:00-05:00,54.039580519555635
2023-02-27 00:00:00-05:00,54.43227400682625
2023-02-28 00:00:00-05:00,53.21837295623182
2023-03-01 00:00:00-05:00,53.20293946464411
2023-03-02 00:00:00-05:00,52.544007131376446
2023-03-03 00:00:00-05:00,52.066257646871115
2023-03-06 00:00:00-05:00,50.694293295147176
2023-03-07 00:00:00-05:00,49.20646109684925
2023-03-08 00:00:00-05:00,48.815040297059355
2023-03-09 00:00:00-05:00,48.09121688463269
2023-03-10 00:00:00-05:00,47.96941100289656
2023-03-13 00:00:00-04:00,48.736273576281214
2023-03-14 00:00:00-04:00,48.73367770661012
2023-03-15 00:00:00-04:00,48.70577764982014
2023-03-16 00:00:00-04:00,49.429847461965615
2023-03-17 00:00:00-04:00,49.41837268090015
2023-03-20 00:00:00-04:00,49.59013565637456
2023-03-21 00:00:00-04:00,49.79445223268163
2023-03-22 00:00:00-04:00,50.41559586123995
2023-03-23 00:00:00-04:00,50.244585159110706
2023-03-24 00:00:00-04:00,50.50159715637198
2023-03-27 00:00:00-04:00,50.1250821730155
2023-03-28 00:00:00-04:00,51.157143197577746
2023-03-29 00:00:00-04:00,50.29325243840334
2023-03-30 00:00:00-04:00,49.93653917929875
2023-03-31 00:00:00-04:00,50.47637142021114
2023-04-03 00:00:00-04:00,49.520535860903436
2023-04-04 00:00:00-04:00,50.138873908868504
2023-04-05 00:00:00-04:00,50.423232302807946
2023-04-06 00:00:00-04:00,49.20307947910195
2023-04-07 00:00:00-04:00,49.08964955127
2023-04-10 00:00:00-04:00,49.175994615779196
2023-04-11 00:00:00-04:00,49.334338094552926
2023-04-12 00:00:00-04:00,49.65973280853274
2023-04-13 00:00:00-04:00,49.9993989895522
2023-04-14 00:00:00-04:00,50.19585711646461
2023-04-17 00:00:00-04:00,48.842973134978436
2023-04-18 00:00:00-04:00,49.33704588997776
2023-04-19 00:00:00-04:00,48.98136385278083
2023-04-20 00:00:00-04:00,48.63642103631029
2023-04-21 00:00:00-04:00,48.58419369199781
2023-04-24 00:00:00-04:00,48.818370197520885
2023-04-25 00:00:00-04:00,49.155672291253445
2023-04-26 00:00:00-04:00,49.97616512845712
2023-04-27 00:00:00-04:00,49.39025661688056
2023-04-28 00:00:00-04:00,49.81408191254832
2023-05-01 00:00:00-04:00,49.65071242481592
2023-05-02 00:00:00-04:00,49.62592650965841
2023-05-03 00:00:00-04:00,49.92212833422136
2023-05-04 00:00:00-04:00,50.346144493276604
2023-05-05 00:00:00-04:00,50.83112765461472
2023-05-08 00:00:00-04:00,50.8655409026519
2023-05-09 00:00:00-04:00,50.223785193482996
2023-05-10 00:00:00-04:00,50.8286476857113
2023-05-11 00:00:00-04:00,51.06369492688488
2023-05-12 00:00:00-04:00,51.76490775177451
2023-05-15 00:00:00-04:00,51.49897714992256
2023-05-16 00:00:00-04:00,50.57417597207595
2023-05-17 00:00:00-04:00,50.149652428056
2023-05-18 00:00:00-04:00,48.68374397230488
2023-05-19 00:00:00-04:00,48.90854483799496
2023-05-22 00:00:00-04:00,49.120809109524195
2023-05-23 00:00:00-04:00,48.77925799294806
2023-05-24 00:00:00-04:00,48.54593817336917
2023-05-25 00:00:00-04:00,48.7947857162295
2023-05-26 00:00:00-04:00,48.89337853300223
2023-05-29 00:00:00-04:00,48.623578168283274
2023-05-30 00:00:00-04:00,48.112405284407735
2023-05-31 00:00:00-04:00,47.64736974108114
2023-06-01 00:00:00-04:00,47.79150150418545
2023-06-02 00:00:00-04:00,48.157878103828885
2023-06-05 00:00:00-04:00,47.65575249129189
2023-06-06 00:00:00-04:00,47.759386623375555
2023-06-07 00:00:00-04:00,47.25495289077485
2023-06-08 00:00:00-04:00,47.37597931013525
2023-06-09 00:00:00-04:00,47.072411254167825
2023-06-12 00:00:00-04:00,47.54619448233499
2023-06-13 00:00:00-04:00,47.466789054093006
2023-06-14 00:00:00-04:00,47.602627276968924
2023-06-15 00:00:00-04:00,47.52668541646501
2023-06-16 00:00:00-04:00,48.053772539277
2023-06-19 00:00:00-04:00,47.950495006680576
2023-06-20 00:00:00-04:00,48.69674733898867
2023-06-21 00:00:00-04:00,48.31834477975951
2023-06-22 00:00:00-04:00,47.86186187160934
2023-06-23 00:00:00-04:00,48.744268186179
2023-06-26 00:00:00-04:00,48.315730157885575
2023-06-27 00:00:00-04:00,48.42128222037433
2023-06-28 00:00:00-04:00,48.63291095991983
2023-06-29 00:00:00-04:00,49.296882313729505
2023-06-30 00:00:00-04:00,48.43284280640512
2023-07-03 00:00:00-04:00,47.651204780412826
2023-07-04 00:00:00-04:00,47.23742805713974
2023-07-05 00:00:00-04:00,47.084903204456474
2023-07-06 00:00:00-04:00,46.64143683409325
2023-07-07 00:00:00-04:00,46.31177356118401
2023-07-10 00:00:00-04:00,46.416617795527614
2023-07-11 00:00:00-04:00,46.83046116944772
2023-07-12 00:00:00-04:00,47.0001573217057
2023-07-13 00:00:00-04:00,44.961781813092095
2023-07-14 00:00:00-04:00,44.77562645481086
2023-07-17 00:00:00-04:00,45.157295137623635
2023-07-18 00:00:00-04:00,45.41386767103747
2023-07-19 00:00:00-04:00,46.17473195957806
2023-07-20 00:00:00-04:00,45.86029688564494
2023-07-21 00:00:00-04:00,45.66876288222797
2023-07-24 00:00:00-04:00,46.19152462649746
2023-07-25 00:00:00-04:00,46.35176507921117
2023-07-26 00:00:00-04:00,45.92452033455823
2023-07-27 00:00:00-04:00,46.36334715329228
2023-07-28 00:00:00-04:00,45.797020260378034
2023-07-31 00:00:00-04:00,46.040244956983265
2023-08-01 00:00:00-04:00,46.514991939109606
2023-08-02 00:00:00-04:00,46.75230204543275
2023-08-03 00:00:00-04:00,46.50530529693301
2023-08-04 00:00:00-04:00,46.329669592062
2023-08-07 00:00:00-04:00,46.69689685899219
2023-08-08 00:00:00-04:00,47.420442130694155
2023-08-09 00:00:00-04:00,46.84908965869779
2023-08-10 00:00:00-04:00,47.11383290160673
2023-08-11 00:00:00-04:00,47.67890785294546
2023-08-14 00:00:00-04:00,47.221903955119366
2023-08-15 00:00:00-04:00,47.900806068044055
2023-08-16 00:00:00-04:00,48.22849721042114
2023-08-17 00:00:00-04:00,48.39071457045835
2023-08-18 00:00:00-04:00,48.91581693163467
2023-08-21 00:00:00-04:00,49.007514799035924
2023-08-22 00:00:00-04:00,50.20830219100985
2023-08-23 00:00:00-04:00,49.51047999925563
2023-08-24 00:00:00-04:00,48.99377542624106
2023-08-25 00:00:00-04:00,49.474065918330055
2023-08-28 00:00:00-04:00,49.47368496785048
2023-08-29 00:00:00-04:00,49.76928927095228
2023-08-30 00:00:00-04:00,49.68211262330211
2023-08-31 00:00:00-04:00,49.724350716847255
2023-09-01 00:00:00-04:00,50.21193234782181
2023-09-04 00:00:00-04:00,50.829449851256605
2023-09-05 00:00:00-04:00,50.772016512527514
2023-09-06 00:00:00-04:00,51.40140025125337
2023-09-07 00:00:00-04:00,52.09316882085939
2023-09-08 00:00:00-04:00,52.51611431983424
2023-09-11 00:00:00-04:00,52.940806778400855
2023-09-12 00:00:00-04:00,52.72430721215183
2023-09-13 00:00:00-04:00,53.10714556883672
2023-09-14 00:00:00-04:00,53.387003076681246
2023-09-15 00:00:00-04:00,53.960262593676426
2023-09-18 00:00:00-04:00,53.32245986019563
2023-09-19 00:00:00-04:00,52.31492502450775
2023-09-20 00:00:00-04:00,52.998844118795944
2023-09-21 00:00:00-04:00,52.80116012688924
2023-09-22 00:00:00-04:00,52.36332432134493
2023-09-25 00:00:00-04:00,51.900504485513636
2023-09-26 00:00:00-04:00,51.34809372670251
2023-09-27 00:00:00-04:00,50.845443984351625
2023-09-28 00:00:00-04:00,51.03166290760243
2023-09-29 00:00:00-04:00,51.03980468409882
2023-10-02 00:00:00-04:00,51.660726128367415
2023-10-03 00:00:00-04:00,51.1487695950099
2023-10-04 00:00:00-04:00,51.11365137483579
2023-10-05 00:00:00-04:00,50.55096262561156
2023-10-06 00:00:00-04:00,50.74441774587659
2023-10-09 00:00:00-04:00,50.55578764432977
2023-10-10 00:00:00-04:00,50.534841939062645
2023-10-11 00:00:00-04:00,51.057346306976996
2023-10-12 00:00:00-04:00,51.63852440581941
2023-10-13 00:00:00-04:00,51.479500171603085
2023-10-16 00:00:00-04:00,51.58168701840993
2023-10-17 00:00:00-04:00,51.84972973563952
2023-10-18 00:00:00-04:00,51.5096072537986
2023-10-19 00:00:00-04:00,50.98143226024576
2023-10-20 00:00:00-04:00,51.63952500481569
2023-10-23 00:00:00-04:00,51.91361378487318
2023-10-24 00:00:00-04:00,51.74552461236894
2023-10-25 00:00:00-04:00,52.05899535757466
2023-10-26 00:00:00-04:00,52.204299196054585
2023-10-27 00:00:00-04:00,52.43294413417048
2023-10-30 00:00:00-04:00,52.47557420359918
2023-10-31 00:00:00-04:00,52.00997495540601
2023-11-01 00:00:00-04:00,53.06050841797962
2023-11-02 00:00:00-04:00,52.83383553926598
2023-11-03 00:00:00-04:00,52.142064323171404
2023-11-06 00:00:00-05:00,51.878891787811405
2023-11-07 00:00:00-05:00,51.882801704871525
2023-11-08 00:00:00-05:00,51.699294008084635
2023-11-09 00:00:00-05:00,52.85192460318767
2023-11-10 00:00:00-05:00,53.27290150176869
2023-11-13 00:00:00-05:00,53.47598942554074
2023-11-14 00:00:00-05:00,53.8051533413036
2023-11-15 00:00:00-05:00,53.385209344001574
2023-11-16 00:00:00-05:00,53.60946356729558
2023-11-17 00:00:00-05:00,53.53850911470095
2023-11-20 00:00:00-05:00,52.38059201754909
2023-11-21 00:00:00-05:00,52.48186839738725
2023-11-22 00:00:00-05:00,52.50077859572384
2023-11-23 00:00:00-05:00,51.994994844836214
2023-11-24 00:00:00-05:00,52.3526538859553
2023-11-27 00:00:00-05:00,52.84096031487844
2023-11-28 00:00:00-05:00,52.48704069824685
2023-11-29 00:00:00-05:00,54.58440431759797
2023-11-30 00:00:00-05:00,54.51407159714891
2023-12-01 00:00:00-05:00,53.73071200047818
2023-12-04 00:00:00-05:00,54.02385699483869
2023-12-05 00:00:00-05:00,53.27516302365425
2023-12-06 00:00:00-05:00,52.92075666190606
2023-12-07 00:00:00-05:00,53.0023480987322
2023-12-08 00:00:00-05:00,53.2123175726538
2023-12-11 00:00:00-05:00,53.854253261040036
2023-12-12 00:00:00-05:00,53.83095406273862
2023-12-13 00:00:00-05:00,53.75668383858794
2023-12-14 00:00:00-05:00,53.696425555872175
2023-12-15 00:00:00-05:00,53.623551142349825
2023-12-18 00:00:00-05:00,53.55821058902051
2023-12-19 00:00:00-05:00,53.186347626113516
2023-12-20 00:00:00-05:00,53.399018733671475
2023-12-21 00:00:00-05:00,53.78040541632646
2023-12-22 00:00:00-05:00,53.27041861389855
2023-12-25 00:00:00-05:00,52.59792428172272
2023-12-26 00:00:00-05:00,52.817619594270035
2023-12-27 00:00:00-05:00,53.407714196165976
2023-12-28 00:00:00-05:00,52.823690333708704
2023-12-29 00:00:00-05:00,52.87713908935597
2024-01-01 00:00:00-05:00,52.64717993544597
2024-01-02 00:00:00-05:00,52.6749942742147
2024-01-03 00:00:00-05:00,52.35563487771808
2024-01-04 00:00:00-05:00,51.42616258798487
2024-01-05 00:00:00-05:00,51.82129953355974
2024-01-08 00:00:00-05:00,51.20760017278898
2024-01-09 00:00:00-05:00,51.44460336220577
2024-01-10 00:00:00-05:00,50.915402925194286
2024-01-11 00:00:00-05:00,50.015377450077395
2024-01-12 00:00:00-05:00,49.705566195538374
2024-01-15 00:00:00-05:00,49.84323278435291
2024-01-16 00:00:00-05:00,49.374662448605264
2024-01-17 00:00:00-05:00,48.821220667620324
2024-01-18 00:00:00-05:00,48.31876852891979
2024-01-19 00:00:00-05:00,48.32180006077621
2024-01-22 00:00:00-05:00,48.307872204349955
2024-01-23 00:00:00-05:00,48.16887275616552
2024-01-24 00:00:00-05:00,48.68100490215392
2024-01-25 00:00:00-05:00,48.13603531654109
2024-01-26 00:00:00-05:00,49.22516781085945
2024-01-29 00:00:00-05:00,48.796774555654586
2024-01-30 00:00:00-05:00,47.762609286802245
2024-01-31 00:00:00-05:00,47.693259691088755
2024-02-01 00:00:00-05:00,47.74298623004488
2024-02-02 00:00:00-05:00,47.261110165161206
2024-02-05 00:00:00-05:00,47.33699096421384
2024-02-06 00:00:00-05:00,47.4566377398444
2024-02-07 00:00:00-05:00,48.53828537297843
2024-02-08 00:00:00-05:00,48.530743967056324
2024-02-09 00:00:00-05:00,48.41406669883728
2024-02-12 00:00:00-05:00,49.347919237995946
2024-02-13 00:00:00-05:00,49.70473165825064
2024-02-14 00:00:00-05:00,50.293239080032265
2024-02-15 00:00:00-05:00,51.091211915446756
2024-02-16 00:00:00-05:00,51.85944018957591
2024-02-19 00:00:00-05:00,50.60164538039578
2024-02-20 00:00:00-05:00,51.07275843105404
2024-02-21 00:00:00-05:00,50.59652070857004
2024-02-22 00:00:00-05:00,49.64926988819124
2024-02-23 00:00:00-05:00,50.026850016292215
2024-02-26 00:00:00-05:00,49.654756937142764
2024-02-27 00:00:00-05:00,49.71498327708088
2024-02-28 00:00:00-05:00,49.95722842450492
2024-02-29 00:00:00-05:00,50.178842728881
2024-03-01 00:00:00-05:00,49.70453223620811
2024-03-04 00:00:00-05:00,49.75711300615224
2024-03-05 00:00:00-05:00,49.132118378008194
2024-03-06 00:00:00-05:00,48.92086609367021
2024-03-07 00:00:00-05:00,49.271970738851664
2024-03-08 00:00:00-05:00,49.55708489779908
2024-03-11 00:00:00-04:00,49.121844255801705
2024-03-12 00:00:00-04:00,49.46105534071253
2024-03-13 00:00:00-04:00,49.538129708661735
2024-03-14 00:00:00-04:00,48.666757569090585
2024-03-15 00:00:00-04:00,48.36713084419576
2024-03-18 00:00:00-04:00,48.55179221117851
2024-03-19 00:00:00-04:00,49.02886285636234
2024-03-20 00:00:00-04:00,48.40913822074487
2024-03-21 00:00:00-04:00,48.100473162882345
2024-03-22 00:00:00-04:00,48.36419816409044
2024-03-25 00:00:00-04:00,48.742093898504216
2024-03-26 00:00:00-04:00,48.72551870412282
2024-03-27 00:00:00-04:00,48.84806686165318
2024-03-28 00:00:00-04:00,48.660146483650934
2024-03-29 00:00:00-04:00,48.63156120717337
2024-04-01 00:00:00-04:00,48.54917137082883
2024-04-02 00:00:00-04:00,49.40203029219984
2024-04-03 00:00:00-04:00,49.11391954558495
2024-04-04 00:00:00-04:00,49.65790669067153
2024-04-05 00:00:00-04:00,49.68564892251424
2024-04-08 00:00:00-04:00,48.951098971070415
2024-04-09 00:00:00-04:00,48.95086148009137
2024-04-10 00:00:00-04:00,48.48338132397204
2024-04-11 00:00:00-04:00,48.54468391998735
2024-04-12 00:00:00-04:00,48.61404384524618
2024-04-15 00:00:00-04:00,47.865760650439626
2024-04-16 00:00:00-04:00,48.72153985004084
2024-04-17 00:00:00-04:00,47.86130365429868
2024-04-18 00:00:00-04:00,47.463227610174926
2024-04-19 00:00:00-04:00,45.9469096521497
2024-04-22 00:00:00-04:00,45.46668533917495
2024-04-23 00:00:00-04:00,45.89764100219933
2024-04-24 00:00:00-04:00,46.45343965779857
2024-04-25 00:00:00-04:00,46.08718871418213
2024-04-26 00:00:00-04:00,47.02984410288932
2024-04-29 00:00:00-04:00,47.49858381182974
2024-04-30 00:00:00-04:00,46.24335007022647
2024-05-01 00:00:00-04:00,45.955634569244864
2024-05-02 00:00:00-04:00,46.05733854281453
2024-05-03 00:00:00-04:00,46.34024049765019
2024-05-06 00:00:00-04:00,46.665885460568234
2024-05-07 00:00:00-04:00,46.5178274194924
2024-05-08 00:00:00-04:00,45.75883681529079
2024-05-09 00:00:00-04:00,46.25939658852477
2024-05-10 00:00:00-04:00,46.954342167637165
2024-05-13 00:00:00-04:00,47.01366870460508
2024-05-14 00:00:00-04:00,47.56320819968019
2024-05-15 00:00:00-04:00,47.06168875354
2024-05-16 00:00:00-04:00,47.87832187634777
2024-05-17 00:00:00-04:00,47.922336029034156
2024-05-20 00:00:00-04:00,47.34099580633472
2024-05-21 00:00:00-04:00,47.10768797267265
2024-05-22 00:00:00-04:00,47.59139416178779
2024-05-23 00:00:00-04:00,47.509675481677476
2024-05-24 00:00:00-04:00,47.16887421728763
2024-05-27 00:00:00-04:00,47.38621603512968
2024-05-28 00:00:00-04:00,47.136589310582096
2024-05-29 00:00:00-04:00,46.4274850021166
2024-05-30 00:00:00-04:00,46.817910923735845
2024-05-31 00:00:00-04:00,47.58719660682724
2024-06-03 00:00:00-04:00,47.435137800335035
2024-06-04 00:00:00-04:00,47.05171295154269
2024-06-05 00:00:00-04:00,47.451753658953045
2024-06-06 00:00:00-04:00,47.06239203337207
2024-06-07 00:00:00-04:00,46.39297644658941
2024-06-10 00:00:00-04:00,45.84181142460482
2024-06-11 00:00:00-04:00,46.58698920630114
2024-06-12 00:00:00-04:00,47.322082852874786
2024-06-13 00:00:00-04:00,48.70811458104004
2024-06-14 00:00:00-04:00,48.528285739705424
2024-06-17 00:00:00-04:00,47.92114593104312
2024-06-18 00:00:00-04:00,47.250654241735106
2024-06-19 00:00:00-04:00,47.222116641523996
2024-06-20 00:00:00-04:00,46.51998614471353
2024-06-21 00:00:00-04:00,47.4061330519758
2024-06-24 00:00:00-04:00,47.9089724868272
2024-06-25 00:00:00-04:00,48.43810129849855
2024-06-26 00:00:00-04:00,47.57589299964691
2024-06-27 00:00:00-04:00,46.50616758848302
2024-06-28 00:00:00-04:00,46.65089562809627
2024-07-01 00:00:00-04:00,46.80487888540705
2024-07-02 00:00:00-04:00,47.826686630597926
2024-07-03 00:00:00-04:00,47.552737939865104
2024-07-04 00:00:00-04:00,47.55318258446448
2024-07-05 00:00:00-04:00,46.67017094338061
2024-07-08 00:00:00-04:00,46.98071268600654
2024-07-09 00:00:00-04:00,46.01864084625647
2024-07-10 00:00:00-04:00,45.57732012046069
2024-07-11 00:00:00-04:00,45.78829004675942
2024-07-12 00:00:00-04:00,45.82873975478023
2024-07-15 00:00:00-04:00,45.51023062829759
2024-07-16 00:00:00-04:00,45.047109310607645
2024-07-17 00:00:00-04:00,45.07612591042571
2024-07-18 00:00:00-04:00,45.22973534136378
2024-07-19 00:00:00-04:00,45.7922557235876
2024-07-22 00:00:00-04:00,45.80393892877449
2024-07-23 00:00:00-04:00,46.622125496618
2024-07-24 00:00:00-04:00,46.265389225398906
2024-07-25 00:00:00-04:00,46.05132207169899
2024-07-26 00:00:00-04:00,45.5316430687734
2024-07-29 00:00:00-04:00,45.30232097357033
2024-07-30 00:00:00-04:00,45.25428842210746
2024-07-31 00:00:00-04:00,45.082417456199984
2024-08-01 00:00:00-04:00,44.72858346127603
2024-08-02 00:00:00-04:00,44.44829454777832
2024-08-05 00:00:00-04:00,44.21137292355642
2024-08-06 00:00:00-04:00,44.06881305746332
2024-08-07 00:00:00-04:00,44.360973596540596
2024-08-08 00:00:00-04:00,43.86876612367498
2024-08-09 00:00:00-04:00,43.02523004804289
2024-08-12 00:00:00-04:00,43.06441404659036
2024-08-13 00:00:00-04:00,43.17779682418271
2024-08-14 00:00:00-04:00,42.394686828230064
2024-08-15 00:00:00-04:00,42.12827140706697
2024-08-16 00:00:00-04:00,42.16574168448066
2024-08-19 00:00:00-04:00,41.39295068402838
2024-08-20 00:00:00-04:00,41.60341387513474
2024-08-21 00:00:00-04:00,42.39718701191566
2024-08-22 00:00:00-04:00,42.80682628345568
2024-08-23 00:00:00-04:00,42.158271668652205
2024-08-26 00:00:00-04:00,42.36975439793566
2024-08-27 00:00:00-04:00,42.08399000691714
2024-08-28 00:00:00-04:00,41.673711443257716
2024-08-29 00:00:00-04:00,41.33893248387614
2024-08-30 00:00:00-04:00,40.99537507741489
2024-09-02 00:00:00-04:00,40.36721835529308
2024-09-03 00:00:00-04:00,40.23260750973815
2024-09-04 00:00:00-04:00,39.230222073355186
2024-09-05 00:00:00-04:00,39.14010222412751
2024-09-06 00:00:00-04:00,39.40491536145316
2024-09-09 00:00:00-04:00,39.259624446941274
2024-09-10 00:00:00-04:00,38.8304060360906
2024-09-11 00:00:00-04:00,38.961713698019196
2024-09-12 00:00:00-04:00,39.49572969322982
2024-09-13 00:00:00-04:00,40.014787723666416
2024-09-16 00:00:00-04:00,40.25565399904913
2024-09-17 00:00:00-04:00,40.45022321946704
2024-09-18 00:00:00-04:00,40.744477081246366
2024-09-19 00:00:00-04:00,40.560259007261855
2024-09-20 00:00:00-04:00,40.776019658835345
2024-09-23 00:00:00-04:00,40.90651132925955
2024-09-24 00:00:00-04:00,40.77582313396501
2024-09-25 00:00:00-04:00,40.946853981321645
2024-09-26 00:00:00-04:00,40.41716303682122
2024-09-27 00:00:00-04:00,40.438601462116004
2024-09-30 00:00:00-04:00,40.67488685032932
2024-10-01 00:00:00-04:00,41.191187206272346
2024-10-02 00:00:00-04:00,40.63761551884401
2024-10-03 00:00:00-04:00,40.231280842083336
2024-10-04 00:00:00-04:00,40.658548328025006
2024-10-07 00:00:00-04:00,41.44634541145298
2024-10-08 00:00:00-04:00,42.1627483366138
2024-10-09 00:00:00-04:00,42.01419436555781
2024-10-10 00:00:00-04:00,42.280754330901594
2024-10-11 00:00:00-04:00,42.46793363991858
2024-10-14 00:00:00-04:00,41.22792514113527
2024-10-15 00:00:00-04:00,41.059852826169234
2024-10-16 00:00:00-04:00,42.03778090696532
2024-10-17 00:00:00-04:00,42.361897979439746
2024-10-18 00:00:00-04:00,41.98888798492351
2024-10-21 00:00:00-04:00,41.997017417130785
2024-10-22 00:00:00-04:00,40.884631196987094
2024-10-23 00:00:00-04:00,41.297720612695876
2024-10-24 00:00:00-04:00,40.9746344558207
2024-10-25 00:00:00-04:00,41.06825118947701
2024-10-28 00:00:00-04:00,41.7555835911003
2024-10-29 00:00:00-04:00,41.59885351669356
2024-10-30 00:00:00-04:00,41.88416205715346
2024-10-31 00:00:00-04:00,41.582893744327976
2024-11-01 00:00:00-04:00,41.599769439020875
2024-11-04 00:00:00-05:00,40.49413054291967
2024-11-05 00:00:00-05:00,40.848452581144855
2024-11-06 00:00:00-05:00,41.017869652785876
2024-11-07 00:00:00-05:00,40.691513917911585
2024-11-08 00:00:00-05:00,41.07142989617399
2024-11-11 00:00:00-05:00,41.12983012818278
2024-11-12 00:00:00-05:00,41.30224960824291
2024-11-13 00:00:00-05:00,40.96006097716006
2024-11-14 00:00:00-05:00,41.04114916046447
2024-11-15 00:00:00-05:00,40.7996777745913
2024-11-18 00:00:00-05:00,40.43984732937924
2024-11-19 00:00:00-05:00,40.9749733838719
2024-11-20 00:00:00-05:00,41.316919442159914
2024-11-21 00:00:00-05:00,40.912724127110984
2024-11-22 00:00:00-05:00,41.26779062189014
2024-11-25 00:00:00-05:00,41.05873165463924
2024-11-26 00:00:00-05:00,40.84881582162222
2024-11-27 00:00:00-05:00,40.7869459202038
2024-11-28 00:00:00-05:00,40.31358262540296
2024-11-29 00:00:00-05:00,41.21572289627783
2024-12-02 00:00:00-05:00,41.53563328608185
2024-12-03 00:00:00-05:00,41.90965856021101
2024-12-04 00:00:00-05:00,42.24877971890827
2024-12-05 00:00:00-05:00,42.704592977334606
2024-12-06 00:00:00-05:00,42.43900778811763
2024-12-09 00:00:00-05:00,43.08498877914038
2024-12-10 00:00:00-05:00,42.62959325790735
2024-12-11 00:00:00-05:00,42.28003806518097
2024-12-12 00:00:00-05:00,42.49744846055194
2024-12-13 00:00:00-05:00,42.26463885677932
2024-12-16 00:00:00-05:00,42.217607227846315
2024-12-17 00:00:00-05:00,42.902438636151835
2024-12-18 00:00:00-05:00,43.42636947432478
2024-12-19 00:00:00-05:00,43.82886808830097
2024-12-20 00:00:00-05:00,43.86376547700503
2024-12-23 00:00:00-05:00,44.509353956925786
2024-12-24 00:00:00-05:00,43.85717274349802
2024-12-25 00:00:00-05:00,43.47260317316174
2024-12-26 00:00:00-05:00,43.85614874178383
2024-12-27 00:00:00-05:00,43.603254757559824
2024-12-30 00:00:00-05:00,42.69150786494769
2024-12-31 00:00:00-05:00,42.50408632733513
2025-01-01 00:00:00-05:00,43.02847851344971
2025-01-02 00:00:00-05:00,43.39053916157046
2025-01-03 00:00:00-05:00,43.35255107467929
2025-01-06 00:00:00-05:00,42.45488165404544
2025-01-07 00:00:00-05:00,42.80635135490848
2025-01-08 00:00:00-05:00,41.91899623085541
2025-01-09 00:00:00-05:00,42.11860855450909
2025-01-10 00:00:00-05:00,41.362694629915495
2025-01-13 00:00:00-05:00,41.847668772649016
2025-01-14 00:00:00-05:00,41.54214241042865
2025-01-15 00:00:00-05:00,42.04172534507763
2025-01-16 00:00:00-05:00,41.69721700055607
2025-01-17 00:00:00-05:00,42.22374379914629
2025-01-20 00:00:00-05:00,42.39003090208763
2025-01-21 00:00:00-05:00,42.56661074962015
2025-01-22 00:00:00-05:00,42.174473729459514
2025-01-23 00:00:00-05:00,42.416614860393146
2025-01-24 00:00:00-05:00,41.77811701981957
2025-01-27 00:00:00-05:00,41.985780085451545
2025-01-28 00:00:00-05:00,41.9480910232941
2025-01-29 00:00:00-05:00,42.627297865047915
2025-01-30 00:00:00-05:00,42.12332760640281
2025-01-31 00:00:00-05:00,42.8599776629611
2025-02-03 00:00:00-05:00,42.832195119008915
2025-02-04 00:00:00-05:00,42.97199190346013
2025-02-05 00:00:00-05:00,42.88817980857121
2025-02-06 00:00:00-05:00,43.244448502302745
2025-02-07 00:00:00-05:00,44.95966907201094
2025-02-10 00:00:00-05:00,45.48693161049621
2025-02-11 00:00:00-05:00,46.01223470877359
2025-02-12 00:00:00-05:00,46.518635244108374
2025-02-13 00:00:00-05:00,46.30016079987039
2025-02-14 00:00:00-05:00,45.56318068377448
2025-02-17 00:00:00-05:00,45.05539714419162
2025-02-18 00:00:00-05:00,45.56213315718509
2025-02-19 00:00:00-05:00,46.66245154110677
2025-02-20 00:00:00-05:00,46.05341556888289
2025-02-21 00:00:00-05:00,46.07098122415953
2025-02-24 00:00:00-05:00,45.902960187305176
2025-02-25 00:00:00-05:00,45.84024341536339
2025-02-26 00:00:00-05:00,45.534442126019634
2025-02-27 00:00:00-05:00,45.75888470867008
2025-02-28 00:00:00-05:00,45.084721268115935
2025-03-03 00:00:00-05:00,44.85628622214436
2025-03-04 00:00:00-05:00,45.18683250457151
2025-03-05 00:00:00-05:00,45.57239171641326
2025-03-06 00:00:00-05:00,45.67763648114555
2025-03-07 00:00:00-05:00,45.11504314550897
2025-03-10 00:00:00-04:00,44.973340557742254
2025-03-11 00:00:00-04:00,44.222417325808074
2025-03-12 00:00:00-04:00,43.612907172928765
2025-03-13 00:00:00-04:00,42.88172267488748
2025-03-14 00:00:00-04:00,41.963355131776474
2025-03-17 00:00:00-04:00,42.45901755774383
2025-03-18 00:00:00-04:00,42.378974620249494
2025-03-19 00:00:00-04:00,43.44672478213502
2025-03-20 00:00:00-04:00,43.258671492276
2025-03-21 00:00:00-04:00,43.145295510602175
2025-03-24 00:00:00-04:00,43.03420149913585
2025-03-25 00:00:00-04:00,43.1482186743268
2025-03-26 00:00:00-04:00,43.06030903166261
2025-03-27 00:00:00-04:00,43.499242100592404
2025-03-28 00:00:00-04:00,43.424888382794435
2025-03-31 00:00:00-04:00,42.81048369765419
2025-04-01 00:00:00-04:00,43.77546471192844
2025-04-02 00:00:00-04:00,43.7689099600195
2025-04-03 00:00:00-04:00,44.67875268547537
2025-04-04 00:00:00-04:00,44.83444766106317
2025-04-07 00:00:00-04:00,45.19737071448134
2025-04-08 00:00:00-04:00,45.14429819459183
2025-04-09 00:00:00-04:00,45.35725299715526
2025-04-10 00:00:00-04:00,45.247126144480006
2025-04-11 00:00:00-04:00,44.55468361560188
2025-04-14 00:00:00-04:00,44.716049009641246
2025-04-15 00:00:00-04:00,45.15954651964358
2025-04-16 00:00:00-04:00,45.96220584036541
2025-04-17 00:00:00-04:00,46.55395551596267
2025-04-18 00:00:00-04:00,45.97943965026064
2025-04-21 00:00:00-04:00,46.20041668331229
2025-04-22 00:00:00-04:00,46.67759272126323
2025-04-23 00:00:00-04:00,47.199518043509755
2025-04-24 00:00:00-04:00,47.856593422048064
2025-04-25 00:00:00-04:00,47.100624426402
2025-04-28 00:00:00-04:00,46.069523416654604
2025-04-29 00:00:00-04:00,46.22751327021845
2025-04-30 00:00:00-04:00,46.31752138545083
2025-05-01 00:00:00-04:00,46.27774808160219
2025-05-02 00:00:00-04:00,47.52633750396963
2025-05-05 00:00:00-04:00,47.802057630086004
2025-05-06 00:00:00-04:00,48.490657380375346
2025-05-07 00:00:00-04:00,48.192515920833976
2025-05-08 00:00:00-04:00,48.196257016147975
2025-05-09 00:00:00-04:00,48.35269439407384
2025-05-12 00:00:00-04:00,48.16227121283933
2025-05-13 00:00:00-04:00,49.79401433759508
2025-05-14 00:00:00-04:00,49.92771814607958
2025-05-15 00:00:00-04:00,49.31260875930878
2025-05-16 00:00:00-04:00,49.37765717190727
2025-05-19 00:00:00-04:00,48.798453525893215
2025-05-20 00:00:00-04:00,49.55620740236831
2025-05-21 00:00:00-04:00,48.479619526739654
2025-05-22 00:00:00-04:00,48.51613454451574
2025-05-23 00:00:00-04:00,46.945598642351165
2025-05-26 00:00:00-04:00,48.227794819947285
2025-05-27 00:00:00-04:00,47.996732794679794
2025-05-28 00:00:00-04:00,47.93521981839075
2025-05-29 00:00:00-04:00,47.97500686663578
2025-05-30 00:00:00-04:00,48.92563290751234
2025-06-02 00:00:00-04:00,48.94370906925241
2025-06-03 00:00:00-04:00,48.75560527712683
2025-06-04 00:00:00-04:00,48.62608465991357
2025-06-05 00:00:00-04:00,48.52199767060969
2025-06-06 00:00:00-04:00,48.11316310808909
2025-06-09 00:00:00-04:00,48.753955702409264
2025-06-10 00:00:00-04:00,48.839615171694206
2025-06-11 00:00:00-04:00,49.48344974589525
2025-06-12 00:00:00-04:00,50.12903775231669
2025-06-13 00:00:00-04:00,49.15674789345548
2025-06-16 00:00:00-04:00,50.21972854045896
2025-06-17 00:00:00-04:00,49.51780771312868
2025-06-18 00:00:00-04:00,49.408176806049624
2025-06-19 00:00:00-04:00,50.6698069596862
2025-06-20 00:00:00-04:00,50.18822177890927
2025-06-23 00:00:00-04:00,49.89259169867141
2025-06-24 00:00:00-04:00,50.86304585978664
2025-06-25 00:00:00-04:00,51.109268474140286
2025-06-26 00:00:00-04:00,51.16582396806717
2025-06-27 00:00:00-04:00,50.466382295396755
2025-06-30 00:00:00-04:00,50.31685036637059
2025-07-01 00:00:00-04:00,49.83399670358701
2025-07-02 00:00:00-04:00,50.34159829010557
2025-07-03 00:00:00-04:00,49.93208360287526
2025-07-04 00:00:00-04:00,48.46267669940091
2025-07-07 00:00:00-04:00,48.474485855067435
2025-07-08 00:00:00-04:00,48.52205031683358
2025-07-09 00:00:00-04:00,48.36299496787239
2025-07-10 00:00:00-04:00,48.41047537914081
2025-07-11 00:00:00-04:00,48.91559422058185
2025-07-14 00:00:00-04:00,48.834954726778115
2025-07-15 00:00:00-04:00,50.08017211800561
2025-07-16 00:00:00-04:00,50.02347417824535
2025-07-17 00:00:00-04:00,49.042543416996644
2025-07-18 00:00:00-04:00,49.78692498216654
2025-07-21 00:00:00-04:00,49.432242748280075
2025-07-22 00:00:00-04:00,49.653928291038675
2025-07-23 00:00:00-04:00,49.10939947083674
2025-07-24 00:00:00-04:00,49.83920969615324
2025-07-25 00:00:00-04:00,50.36450317822136
2025-07-28 00:00:00-04:00,50.068730131244216
2025-07-29 00:00:00-04:00,50.6014048632635
2025-07-30 00:00:00-04:00,50.86057262233714
2025-07-31 00:00:00-04:00,51.38215603309663
2025-08-01 00:00:00-04:00,52.241951509626006
2025-08-04 00:00:00-04:00,51.486063799930676
2025-08-05 00:00:00-04:00,52.00588474237508
2025-08-06 00:00:00-04:00,51.88396404525933
2025-08-07 00:00:00-04:00,51.839900148487786
2025-08-08 00:00:00-04:00,52.5522577182954
2025-08-11 00:00:00-04:00,53.625668791658306
2025-08-12 00:00:00-04:00,53.33546783566145
2025-08-13 00:00:00-04:00,52.61133692916012
2025-08-14 00:00:00-04:00,51.72696220288725
2025-08-15 00:00:00-04:00,51.54587081465186
2025-08-18 00:00:00-04:00,51.9611563327803
2025-08-19 00:00:00-04:00,51.94862358475982
2025-08-20 00:00:00-04:00,52.01361887881772
2025-08-21 00:00:00-04:00,52.42089763094407
2025-08-22 00:00:00-04:00,52.87223439661582
2025-08-25 00:00:00-04:00,53.52431511025208
2025-08-26 00:00:00-04:00,53.52209950731126
2025-08-27 00:00:00-04:00,53.79451408504515
2025-08-28 00:00:00-04:00,53.439238881275536
2025-08-29 00:00:00-04:00,53.414059127569004
2025-09-01 00:00:00-04:00,53.50320574463889
2025-09-02 00:00:00-04:00,54.14168994423666
2025-09-03 00:00:00-04:00,54.38655786977758
2025-09-04 00:00:00-04:00,55.06038390499927
2025-09-05 00:00:00-04:00,55.76863297621917
2025-09-08 00:00:00-04:00,56.41958467471167
2025-09-09 00:00:00-04:00,56.703744649508685
2025-09-10 00:00:00-04:00,57.38801743455798
2025-09-11 00:00:00-04:00,56.222968472241085
2025-09-12 00:00:00-04:00,56.31404499318727
2025-09-15 00:00:00-04:00,56.47247575544481
2025-09-16 00:00:00-04:00,56.13124257088359
2025-09-17 00:00:00-04:00,55.8747185010803
2025-09-18 00:00:00-04:00,56.003026449346
2025-09-19 00:00:00-04:00,56.13667868901508
2025-09-22 00:00:00-04:00,55.730769703570786
2025-09-23 00:00:00-04:00,55.65478565279434
2025-09-24 00:00:00-04:00,54.28893573256446
2025-09-25 00:00:00-04:00,53.1125179520751
2025-09-26 00:00:00-04:00,53.252858883232605
2025-09-29 00:00:00-04:00,53.69934073771627
2025-09-30 00:00:00-04:00,53.58111828388386
2025-10-01 00:00:00-04:00,52.8277547642955
2025-10-02 00:00:00-04:00,53.11128008868089
2025-10-03 00:00:00-04:00,54.18522080461833
2025-10-06 00:00:00-04:00,54.318000815699776
2025-10-07 00:00:00-04:00,54.2739199653674
2025-10-08 00:00:00-04:00,54.232447733892414
2025-10-09 00:00:00-04:00,53.7879659913094
2025-10-10 00:00:00-04:00,55.02630343165734
2025-10-13 00:00:00-04:00,55.32791592923547
2025-10-14 00:00:00-04:00,54.96541693104892
2025-10-15 00:00:00-04:00,55.25852465850722
2025-10-16 00:00:00-04:00,55.846938880218175
2025-10-17 00:00:00-04:00,55.185377228648754
2025-10-20 00:00:00-04:00,54.61858026580831
2025-10-21 00:00:00-04:00,55.398067571925225
2025-10-22 00:00:00-04:00,55.274466700329455
2025-10-23 00:00:00-04:00,55.18601910539738
2025-10-24 00:00:00-04:00,55.12128629253653
2025-10-27 00:00:00-04:00,54.37266397712575
2025-10-28 00:00:00-04:00,54.115297219517366
2025-10-29 00:00:00-04:00,54.216426101722085
2025-10-30 00:00:00-04:00,54.224496289425765
2025-10-31 00:00:00-04:00,54.73020867907018
2025-11-03 00:00:00-05:00,55.42971757713753
2025-11-04 00:00:00-05:00,56.234043700983094
2025-11-05 00:00:00-05:00,56.41842378749761
2025-11-06 00:00:00-05:00,56.7432427337556
2025-11-07 00:00:00-05:00,57.23439059878288
2025-11-10 00:00:00-05:00,56.290216837403925
2025-11-11 00:00:00-05:00,57.15195388808635
2025-11-12 00:00:00-05:00,58.04191861595751
2025-11-13 00:00:00-05:00,58.11923125724469
2025-11-14 00:00:00-05:00,59.30682624701114
2025-11-17 00:00:00-05:00,60.037241435896824
2025-11-18 00:00:00-05:00,59.25859225370482
2025-11-19 00:00:00-05:00,58.760734121491026
2025-11-20 00:00:00-05:00,58.9550936534861
2025-11-21 00:00:00-05:00,58.57841535276808
2025-11-24 00:00:00-05:00,59.62146162340746
2025-11-25 00:00:00-05:00,59.51826838788952
2025-11-26 00:00:00-05:00,59.775689483467204
2025-11-27 00:00:00-05:00,61.101081323242205
2025-11-28 00:00:00-05:00,60.03071025096309
2025-12-01 00:00:00-05:00,60.6434106354616
2025-12-02 00:00:00-05:00,61.820565394256235
2025-12-03 00:00:00-05:00,62.00910541755016
2025-12-04 00:00:00-05:00,61.89085643349651
2025-12-05 00:00:00-05:00,62.5703052077355
2025-12-08 00:00:00-05:00,63.07457018778951
2025-12-09 00:00:00-05:00,63.68328018849085
2025-12-10 00:00:00-05:00,63.045547861089744
2025-12-11 00:00:00-05:00,63.89197024869724
2025-12-12 00:00:00-05:00,64.07240051215231
2025-12-15 00:00:00-05:00,63.36753473034932
2025-12-16 00:00:00-05:00,63.95428791667899
2025-12-17 00:00:00-05:00,63.4162684435282
2025-12-18 00:00:00-05:00,63.49078897873888
2025-12-19 00:00:00-05:00,64.11221151694093
2025-12-22 00:00:00-05:00,64.0098213708854
2025-12-23 00:00:00-05:00,63.8384907519884
2025-12-24 00:00:00-05:00,63.388261723141774
2025-12-25 00:00:00-05:00,63.67869547510048
2025-12-26 00:00:00-05:00,63.81332744665775
2025-12-29 00:00:00-05:00,62.45080523293267
2025-12-30 00:00:00-05:00,62.78739202944734
2025-12-31 00:00:00-05:00,62.61017592797748
2026-01-01 00:00:00-05:00,64.1143746958888
2026-01-02 00:00:00-05:00,64.42125622376903
2026-01-05 00:00:00-05:00,64.46934051149728
2026-01-06 00:00:00-05:00,64.87050836653593
2026-01-07 00:00:00-05:00,64.9640764622995
2026-01-08 00:00:00-05:00,65.13371069465157
2026-01-09 00:00:00-05:00,65.36810793354967
2026-01-12 00:00:00-05:00,65.71572418045497
2026-01-13 00:00:00-05:00,66.82814460465634
2026-01-14 00:00:00-05:00,66.98380225782503
2026-01-15 00:00:00-05:00,66.28902497880046
2026-01-16 00:00:00-05:00,66.8406087359203
2026-01-19 00:00:00-05:00,67.86541337057761
2026-01-20 00:00:00-05:00,67.17439843667485
2026-01-21 00:00:00-05:00,67.33082820295061
2026-01-22 00:00:00-05:00,68.5406086032697
2026-01-23 00:00:00-05:00,68.90675739815994
2026-01-26 00:00:00-05:00,69.74082261570302
2026-01-27 00:00:00-05:00,69.0188085033933
2026-01-28 00:00:00-05:00,70.06996806576392
2026-01-29 00:00:00-05:00,71.2601379480652
2026-01-30 00:00:00-05:00,70.73585516114402
2026-02-02 00:00:00-05:00,70.0487858140289
2026-02-03 00:00:00-05:00,69.16685331228936
2026-02-04 00:00:00-05:00,69.03315442429937
2026-02-05 00:00:00-05:00,69.67471988877175
2026-02-06 00:00:00-05:00,68.66393019839107
2026-02-09 00:00:00-05:00,69.61286543703946
2026-02-10 00:00:00-05:00,69.08168861696026
2026-02-11 00:00:00-05:00,68.57468259879536
2026-02-12 00:00:00-05:00,67.74757405307469
2026-02-13 00:00:00-05:00,67.23987378764637
2026-02-16 00:00:00-05:00,67.00095757836863
2026-02-17 00:00:00-05:00,68.26160578507313
2026-02-18 00:00:00-05:00,70.25625337182954
2026-02-19 00:00:00-05:00,71.0092962229288
2026-02-20 00:00:00-05:00,71.41207637182123
2026-02-23 00:00:00-05:00,71.14260547085338
2026-02-24 00:00:00-05:00,69.16927241126506
2026-02-25 00:00:00-05:00,67.56821017808228
2026-02-26 00:00:00-05:00,66.99329601532641
2026-02-27 00:00:00-05:00,67.88457788037374
2026-03-02 00:00:00-05:00,68.20155482205388
2026-03-03 00:00:00-05:00,68.35574089285973
2026-03-04 00:00:00-05:00,67.28078212948805
2026-03-05 00:00:00-05:00,67.10347761732942
2026-03-06 00:00:00-05:00,66.77095657269167
2026-03-09 00:00:00-04:00,67.15526959755404
2026-03-10 00:00:00-04:00,67.640722550651
2026-03-11 00:00:00-04:00,68.04427858735887
2026-03-12 00:00:00-04:00,67.57270506271355
2026-03-13 00:00:00-04:00,67.26121634706413
2026-03-16 00:00:00-04:00,68.27276962353508
2026-03-17 00:00:00-04:00,68.53655835249549
2026-03-18 00:00:00-04:00,69.08566017729639
2026-03-19 00:00:00-04:00,67.79978247107518
2026-03-20 00:00:00-04:00,68.96920671889178
2026-03-23 00:00:00-04:00,68.21719040142507
2026-03-24 00:00:00-04:00,67.83499864684548
2026-03-25 00:00:00-04:00,67.02263262553305
2026-03-26 00:00:00-04:00,67.40979039241294
2026-03-27 00:00:00-04:00,67.60254850226849
2026-03-30 00:00:00-04:00,66.97767824466125
2026-03-31 00:00:00-04:00,66.56026276984186
2026-04-01 00:00:00-04:00,65.5489439765612
2026-04-02 00:00:00-04:00,64.98073556594358
2026-04-03 00:00:00-04:00,64.23435011335016
2026-04-06 00:00:00-04:00,63.07019915983273
2026-04-07 00:00:00-04:00,63.386376688063635
2026-04-08 00:00:00-04:00,64.16095250551363
2026-04-09 00:00:00-04:00,62.875306931048684
2026-04-10 00:00:00-04:00,63.208779377044685
2026-04-13 00:00:00-04:00,63.360957580387755
2026-04-14 00:00:00-04:00,63.0811126890077
2026-04-15 00:00:00-04:00,62.769598073041834
2026-04-16 00:00:00-04:00,63.35482739097149
2026-04-17 00:00:00-04:00,63.993802595955714
2026-04-20 00:00:00-04:00,63.58805981527021
2026-04-21 00:00:00-04:00,65.05228744231633
2026-04-22 00:00:00-04:00,64.7061588248461
2026-04-23 00:00:00-04:00,65.6517037804969
2026-04-24 00:00:00-04:00,65.45792114678203
2026-04-27 00:00:00-04:00,65.38867663710694
2026-04-28 00:00:00-04:00,65.90874350847307
2026-04-29 00:00:00-04:00,66.63554914076444
2026-04-30 00:00:00-04:00,67.6433678459771
2026-05-01 00:00:00-04:00,67.83626314656665
2026-05-04 00:00:00-04:00,67.88650586812548
2026-05-05 00:00:00-04:00,67.56793494060439
2026-05-06 00:00:00-04:00,66.50465709340519
2026-05-07 00:00:00-04:00,66.58499003518054
2026-05-08 00:00:00-04:00,66.87854963909832
2026-05-11 00:00:00-04:00,66.62962924832652
2026-05-12 00:00:00-04:00,68.0798070257409
2026-05-13 00:00:00-04:00,68.53639434389714
2026-05-14 00:00:00-04:00,69.53455192496466
2026-05-15 00:00:00-04:00,69.70568634328555
2026-05-18 00:00:00-04:00,69.79615296091288
2026-05-19 00:00:00-04:00,70.08064958764768
2026-05-20 00:00:00-04:00,69.0384968563228
2026-05-21 00:00:00-04:00,69.82678732761416
2026-05-22 00:00:00-04:00,69.18324348987747
2026-05-25 00:00:00-04:00,70.2202148084282
2026-05-26 00:00:00-04:00,70.27743629513617
2026-05-27 00:00:00-04:00,69.99033454101725
2026-05-28 00:00:00-04:00,70.74558910981908
2026-05-29 00:00:00-04:00,70.00000000000003
