contractSymbol,lastTradeDate,strike,lastPrice,bid,ask,change,percentChange,volume,openInterest,impliedVolatility,inTheMoney,contractSize,currency,mid,spread_pct,ativo,expiration,type
AAPL260605C00185000,2026-05-29 20:00:00+00:00,185.0,10.600000000000001,10.14,10.66,-0.063077,-0.591546,398.0,667.0,0.2662887729729872,True,REGULAR,USD,10.4,0.05,AAPL,2026-06-05,CALL
AAPL260605C00187500,2026-05-29 20:00:00+00:00,187.5,8.3,7.95,8.35,-0.1275,-1.512904,391.0,254.0,0.26521493134641594,True,REGULAR,USD,8.15,0.04908,AAPL,2026-06-05,CALL
AAPL260605C00190000,2026-05-29 20:00:00+00:00,190.0,6.0,5.95,6.25,-0.35724,-5.61942,1300.0,1447.0,0.2641553132064143,True,REGULAR,USD,6.1,0.04918,AAPL,2026-06-05,CALL
AAPL260605C00192500,2026-05-29 20:00:00+00:00,192.5,4.4,4.24,4.46,0.178132,4.21927,37.0,928.0,0.2631095466810261,True,REGULAR,USD,4.35,0.050575,AAPL,2026-06-05,CALL
AAPL260605C00195000,2026-05-29 20:00:00+00:00,195.0,2.85,2.83,2.97,-0.0777,-2.65396,35.0,983.0,0.26207727429415345,False,REGULAR,USD,2.9,0.048276,AAPL,2026-06-05,CALL
AAPL260605C00197500,2026-05-29 20:00:00+00:00,197.5,1.8,1.75,1.85,-0.076725,-4.088239,11.0,3964.0,0.26105815223195905,False,REGULAR,USD,1.8,0.055556,AAPL,2026-06-05,CALL
AAPL260605C00200000,2026-05-29 20:00:00+00:00,200.0,1.05,1.0,1.1,-0.017126,-1.604871,145.0,3226.0,0.2600518496554103,False,REGULAR,USD,1.05,0.095238,AAPL,2026-06-05,CALL
AAPL260605C00202500,2026-05-29 20:00:00+00:00,202.5,0.55,0.5,0.6,0.021723,4.112047,176.0,491.0,0.2590580480555257,False,REGULAR,USD,0.55,0.181818,AAPL,2026-06-05,CALL
AAPL260605C00205000,2026-05-29 20:00:00+00:00,205.0,0.28,0.27,0.29,-0.004823,-1.693332,1748.0,21541.0,0.2580764406481805,False,REGULAR,USD,0.28,0.071429,AAPL,2026-06-05,CALL
AAPL260605C00207500,2026-05-29 20:00:00+00:00,207.5,0.12,0.11,0.13,-0.004883,-3.91006,491.0,613.0,0.25710673180559296,False,REGULAR,USD,0.12,0.166667,AAPL,2026-06-05,CALL
AAPL260605C00210000,2026-05-29 20:00:00+00:00,210.0,0.05,0.04,0.06,-0.001087,-2.127743,412.0,11181.0,0.2561486365218557,False,REGULAR,USD,0.05,0.4,AAPL,2026-06-05,CALL
AAPL260605C00212500,2026-05-29 20:00:00+00:00,212.5,0.02,0.01,0.03,-0.000339,-1.666749,16.0,1885.0,0.25520187991009546,False,REGULAR,USD,0.02,1.0,AAPL,2026-06-05,CALL
AAPL260612C00185000,2026-05-29 20:00:00+00:00,185.0,10.9,10.82,11.38,-0.535039,-4.678943,97.0,8514.0,0.26714920815839455,True,REGULAR,USD,11.1,0.05045,AAPL,2026-06-12,CALL
AAPL260612C00187500,2026-05-29 20:00:00+00:00,187.5,8.950000000000001,8.82,9.28,0.341734,3.969836,137.0,2383.0,0.2660753665318233,True,REGULAR,USD,9.05,0.050829,AAPL,2026-06-12,CALL
AAPL260612C00190000,2026-05-29 20:00:00+00:00,190.0,7.2,7.02,7.38,0.272665,3.936074,21.0,361.0,0.2650157483918216,True,REGULAR,USD,7.2,0.05,AAPL,2026-06-12,CALL
AAPL260612C00192500,2026-05-29 20:00:00+00:00,192.5,5.5,5.41,5.69,0.198479,3.743812,147.0,5549.0,0.26396998186643345,True,REGULAR,USD,5.55,0.05045,AAPL,2026-06-12,CALL
AAPL260612C00195000,2026-05-29 20:00:00+00:00,195.0,4.2,4.05,4.25,-0.006227,-0.148042,16.0,3159.0,0.2629377094795608,False,REGULAR,USD,4.15,0.048193,AAPL,2026-06-12,CALL
AAPL260612C00197500,2026-05-29 20:00:00+00:00,197.5,3.0500000000000003,2.92,3.08,-0.147994,-4.627713,4871.0,237.0,0.2619185874173664,False,REGULAR,USD,3.0,0.053333,AAPL,2026-06-12,CALL
AAPL260612C00200000,2026-05-29 20:00:00+00:00,200.0,2.1,2.05,2.15,-0.116787,-5.2683,28.0,1595.0,0.26091228484081763,False,REGULAR,USD,2.1,0.047619,AAPL,2026-06-12,CALL
AAPL260612C00202500,2026-05-29 20:00:00+00:00,202.5,1.4500000000000002,1.4,1.5,-0.075184,-4.929504,93.0,864.0,0.25991848324093303,False,REGULAR,USD,1.45,0.068966,AAPL,2026-06-12,CALL
AAPL260612C00205000,2026-05-29 20:00:00+00:00,205.0,0.9,0.85,0.95,0.011285,1.269811,202.0,6004.0,0.2589368758335879,False,REGULAR,USD,0.9,0.111111,AAPL,2026-06-12,CALL
AAPL260612C00207500,2026-05-29 20:00:00+00:00,207.5,0.55,0.5,0.6,0.012331,2.293418,92.0,2600.0,0.2579671669910003,False,REGULAR,USD,0.55,0.181818,AAPL,2026-06-12,CALL
AAPL260612C00210000,2026-05-29 20:00:00+00:00,210.0,0.34,0.33,0.35,-0.013793,-3.898607,1834.0,1382.0,0.25700907170726306,False,REGULAR,USD,0.34,0.058824,AAPL,2026-06-12,CALL
AAPL260612C00212500,2026-05-29 20:00:00+00:00,212.5,0.2,0.19,0.21,0.008694,4.544552,333.0,14209.0,0.2560623150955028,False,REGULAR,USD,0.2,0.1,AAPL,2026-06-12,CALL
AAPL260612C00215000,2026-05-29 20:00:00+00:00,215.0,0.11,0.1,0.12,0.00529,5.052049,1494.0,888.0,0.2551266319144475,False,REGULAR,USD,0.11,0.181818,AAPL,2026-06-12,CALL
AAPL260612C00217500,2026-05-29 20:00:00+00:00,217.5,0.06,0.05,0.07,-0.003491,-5.498417,686.0,2794.0,0.25420176612236145,False,REGULAR,USD,0.06,0.333333,AAPL,2026-06-12,CALL
AAPL260619C00175000,2026-05-29 20:00:00+00:00,175.0,20.85,20.13,21.17,0.694024,3.443267,30.0,554.0,0.27225503138994916,True,REGULAR,USD,20.65,0.050363,AAPL,2026-06-19,CALL
AAPL260619C00177500,2026-05-29 20:00:00+00:00,177.5,18.0,17.84,18.76,-0.402128,-2.185226,547.0,1252.0,0.27112026059059263,True,REGULAR,USD,18.3,0.050273,AAPL,2026-06-19,CALL
AAPL260619C00180000,2026-05-29 20:00:00+00:00,180.0,15.8,15.65,16.45,-0.282838,-1.758632,191.0,58.0,0.2700013612326134,True,REGULAR,USD,16.05,0.049844,AAPL,2026-06-19,CALL
AAPL260619C00182500,2026-05-29 20:00:00+00:00,182.5,13.75,13.5,14.2,0.734295,5.641608,170.0,2278.0,0.2688978954620266,True,REGULAR,USD,13.85,0.050542,AAPL,2026-06-19,CALL
AAPL260619C00185000,2026-05-29 20:00:00+00:00,185.0,11.8,11.51,12.1,-0.494567,-4.022647,332.0,1989.0,0.2678094432975643,True,REGULAR,USD,11.805,0.049979,AAPL,2026-06-19,CALL
AAPL260619C00187500,2026-05-29 20:00:00+00:00,187.5,9.9,9.6,10.1,0.32235,3.365648,813.0,827.0,0.26673560167099303,True,REGULAR,USD,9.85,0.050761,AAPL,2026-06-19,CALL
AAPL260619C00190000,2026-05-29 20:00:00+00:00,190.0,8.05,7.9,8.3,0.237989,3.04645,554.0,5815.0,0.26567598353099137,True,REGULAR,USD,8.1,0.049383,AAPL,2026-06-19,CALL
AAPL260619C00192500,2026-05-29 20:00:00+00:00,192.5,6.65,6.39,6.71,0.246908,3.856075,776.0,21212.0,0.2646302170056032,True,REGULAR,USD,6.55,0.048855,AAPL,2026-06-19,CALL
AAPL260619C00195000,2026-05-29 20:00:00+00:00,195.0,5.050000000000001,5.02,5.28,0.253424,5.283436,83.0,1836.0,0.26359794461873054,False,REGULAR,USD,5.15,0.050485,AAPL,2026-06-19,CALL
AAPL260619C00197500,2026-05-29 20:00:00+00:00,197.5,4.05,3.9,4.1,0.093952,2.374895,3285.0,3677.0,0.26257882255653614,False,REGULAR,USD,4.0,0.05,AAPL,2026-06-19,CALL
AAPL260619C00200000,2026-05-29 20:00:00+00:00,200.0,2.95,2.92,3.08,0.107234,3.772171,607.0,550.0,0.2615725199799874,False,REGULAR,USD,3.0,0.053333,AAPL,2026-06-19,CALL
AAPL260619C00202500,2026-05-29 20:00:00+00:00,202.5,2.25,2.15,2.26,0.044965,2.039197,46.0,1160.0,0.26057871838010277,False,REGULAR,USD,2.205,0.049887,AAPL,2026-06-19,CALL
AAPL260619C00205000,2026-05-29 20:00:00+00:00,205.0,1.6,1.55,1.65,0.044364,2.851824,743.0,16808.0,0.2595971109727576,False,REGULAR,USD,1.6,0.0625,AAPL,2026-06-19,CALL
AAPL260619C00207500,2026-05-29 20:00:00+00:00,207.5,1.1,1.05,1.15,-0.036182,-3.184525,1024.0,2571.0,0.25862740213017005,False,REGULAR,USD,1.1,0.090909,AAPL,2026-06-19,CALL
AAPL260619C00210000,2026-05-29 20:00:00+00:00,210.0,0.75,0.7,0.8,0.004744,0.63656,3944.0,8614.0,0.2576693068464328,False,REGULAR,USD,0.75,0.133333,AAPL,2026-06-19,CALL
AAPL260619C00212500,2026-05-29 20:00:00+00:00,212.5,0.5,0.45,0.55,-0.01518,-2.946543,14.0,1269.0,0.25672255023467255,False,REGULAR,USD,0.5,0.2,AAPL,2026-06-19,CALL
AAPL260619C00215000,2026-05-29 20:00:00+00:00,215.0,0.33,0.32,0.34,0.012906,4.070086,186.0,163.0,0.25578686705361725,False,REGULAR,USD,0.33,0.060606,AAPL,2026-06-19,CALL
AAPL260619C00217500,2026-05-29 20:00:00+00:00,217.5,0.21,0.2,0.22,0.004938,2.408052,3261.0,829.0,0.2548620012615312,False,REGULAR,USD,0.21,0.095238,AAPL,2026-06-19,CALL
AAPL260619C00220000,2026-05-29 20:00:00+00:00,220.0,0.13,0.12,0.14,-0.001621,-1.231566,344.0,1944.0,0.25394770559564134,False,REGULAR,USD,0.13,0.153846,AAPL,2026-06-19,CALL
AAPL260619C00222500,2026-05-29 20:00:00+00:00,222.5,0.07,0.06,0.08,-0.00182,-2.534113,1441.0,434.0,0.2530437411753267,False,REGULAR,USD,0.07,0.285714,AAPL,2026-06-19,CALL
AAPL260619C00225000,2026-05-29 20:00:00+00:00,225.0,0.04,0.03,0.05,0.002089,5.510274,403.0,566.0,0.2521498771274767,False,REGULAR,USD,0.04,0.5,AAPL,2026-06-19,CALL
AAPL260619C00227500,2026-05-29 20:00:00+00:00,227.5,0.02,0.01,0.03,0.000333,1.693192,84.0,613.0,0.25126589023254986,False,REGULAR,USD,0.02,1.0,AAPL,2026-06-19,CALL
AAPL260619C00230000,2026-05-29 20:00:00+00:00,230.0,0.01,0.01,0.02,0.000281,2.891244,95.0,2365.0,0.2503915645899747,False,REGULAR,USD,0.015,0.666667,AAPL,2026-06-19,CALL
AAPL260626C00175000,2026-05-29 20:00:00+00:00,175.0,20.700000000000003,20.52,21.58,-0.665904,-3.116667,421.0,525.0,0.2728116353595255,True,REGULAR,USD,21.05,0.050356,AAPL,2026-06-26,CALL
AAPL260626C00177500,2026-05-29 20:00:00+00:00,177.5,18.7,18.28,19.22,-0.383622,-2.010216,245.0,7140.0,0.271676864560169,True,REGULAR,USD,18.75,0.050133,AAPL,2026-06-26,CALL
AAPL260626C00180000,2026-05-29 20:00:00+00:00,180.0,16.400000000000002,16.14,16.96,-0.278316,-1.66873,290.0,20.0,0.2705579652021898,True,REGULAR,USD,16.55,0.049547,AAPL,2026-06-26,CALL
AAPL260626C00182500,2026-05-29 20:00:00+00:00,182.5,14.700000000000001,14.09,14.81,0.592432,4.199391,1051.0,719.0,0.26945449943160293,True,REGULAR,USD,14.45,0.049827,AAPL,2026-06-26,CALL
AAPL260626C00185000,2026-05-29 20:00:00+00:00,185.0,12.55,12.14,12.76,-0.740818,-5.573908,166.0,535.0,0.26836604726714064,True,REGULAR,USD,12.45,0.049799,AAPL,2026-06-26,CALL
AAPL260626C00187500,2026-05-29 20:00:00+00:00,187.5,10.5,10.34,10.87,0.489792,4.892925,251.0,7647.0,0.2672922056405694,True,REGULAR,USD,10.605,0.049976,AAPL,2026-06-26,CALL
AAPL260626C00190000,2026-05-29 20:00:00+00:00,190.0,8.950000000000001,8.68,9.12,0.051267,0.576116,980.0,505.0,0.2662325875005677,True,REGULAR,USD,8.9,0.049438,AAPL,2026-06-26,CALL
AAPL260626C00192500,2026-05-29 20:00:00+00:00,192.5,7.300000000000001,7.22,7.58,0.421225,6.123547,1197.0,202.0,0.26518682097517954,True,REGULAR,USD,7.4,0.048649,AAPL,2026-06-26,CALL
AAPL260626C00195000,2026-05-29 20:00:00+00:00,195.0,6.0,5.85,6.15,0.072989,1.231464,321.0,440.0,0.2641545485883069,False,REGULAR,USD,6.0,0.05,AAPL,2026-06-26,CALL
AAPL260626C00197500,2026-05-29 20:00:00+00:00,197.5,4.9,4.73,4.97,0.100892,2.102307,7.0,37.0,0.2631354265261125,False,REGULAR,USD,4.85,0.049485,AAPL,2026-06-26,CALL
AAPL260626C00200000,2026-05-29 20:00:00+00:00,200.0,3.75,3.71,3.9,-0.113577,-2.939685,179.0,245.0,0.2621291239495637,False,REGULAR,USD,3.805,0.049934,AAPL,2026-06-26,CALL
AAPL260626C00202500,2026-05-29 20:00:00+00:00,202.5,3.0,2.88,3.02,-0.049482,-1.622636,3068.0,21326.0,0.2611353223496791,False,REGULAR,USD,2.95,0.047458,AAPL,2026-06-26,CALL
AAPL260626C00205000,2026-05-29 20:00:00+00:00,205.0,2.2,2.19,2.31,-0.108102,-4.683589,4508.0,14141.0,0.26015371494233397,False,REGULAR,USD,2.25,0.053333,AAPL,2026-06-26,CALL
AAPL260626C00207500,2026-05-29 20:00:00+00:00,207.5,1.7000000000000002,1.65,1.75,5.2e-05,0.003059,10.0,98.0,0.2591840060997464,False,REGULAR,USD,1.7,0.058824,AAPL,2026-06-26,CALL
AAPL260626C00210000,2026-05-29 20:00:00+00:00,210.0,1.25,1.2,1.3,-0.029298,-2.290162,123.0,595.0,0.25822591081600915,False,REGULAR,USD,1.25,0.08,AAPL,2026-06-26,CALL
AAPL260626C00212500,2026-05-29 20:00:00+00:00,212.5,0.9,0.85,0.95,-0.012588,-1.379374,1103.0,570.0,0.2572791542042489,False,REGULAR,USD,0.9,0.111111,AAPL,2026-06-26,CALL
AAPL260626C00215000,2026-05-29 20:00:00+00:00,215.0,0.6000000000000001,0.55,0.65,0.010559,1.791358,715.0,1023.0,0.2563434710231936,False,REGULAR,USD,0.6,0.166667,AAPL,2026-06-26,CALL
AAPL260626C00217500,2026-05-29 20:00:00+00:00,217.5,0.43,0.42,0.44,0.024516,6.046108,154.0,8104.0,0.25541860523110754,False,REGULAR,USD,0.43,0.046512,AAPL,2026-06-26,CALL
AAPL260626C00220000,2026-05-29 20:00:00+00:00,220.0,0.29,0.28,0.3,-0.013963,-4.593651,711.0,2749.0,0.2545043095652177,False,REGULAR,USD,0.29,0.068966,AAPL,2026-06-26,CALL
AAPL260626C00222500,2026-05-29 20:00:00+00:00,222.5,0.19,0.18,0.2,0.009846,5.465324,34.0,2352.0,0.25360034514490304,False,REGULAR,USD,0.19,0.105263,AAPL,2026-06-26,CALL
AAPL260626C00225000,2026-05-29 20:00:00+00:00,225.0,0.13,0.12,0.14,0.00022,0.169518,202.0,5103.0,0.25270648109705307,False,REGULAR,USD,0.13,0.153846,AAPL,2026-06-26,CALL
AAPL260626C00227500,2026-05-29 20:00:00+00:00,227.5,0.08,0.07,0.09,0.004114,5.42129,461.0,106.0,0.2518224942021262,False,REGULAR,USD,0.08,0.25,AAPL,2026-06-26,CALL
AAPL260626C00230000,2026-05-29 20:00:00+00:00,230.0,0.05,0.04,0.06,-0.000849,-1.669649,292.0,1062.0,0.25094816855955104,False,REGULAR,USD,0.05,0.4,AAPL,2026-06-26,CALL
AAPL260626C00232500,2026-05-29 20:00:00+00:00,232.5,0.03,0.02,0.04,0.00011,0.368016,109.0,1254.0,0.25008329527121376,False,REGULAR,USD,0.03,0.666667,AAPL,2026-06-26,CALL
AAPL260626C00235000,2026-05-29 20:00:00+00:00,235.0,0.02,0.01,0.03,-0.000433,-2.119121,124.0,209.0,0.2492276721418739,False,REGULAR,USD,0.02,1.0,AAPL,2026-06-26,CALL
AAPL260626C00237500,2026-05-29 20:00:00+00:00,237.5,0.01,0.01,0.02,-0.000588,-5.553457,676.0,1434.0,0.24838110339543096,False,REGULAR,USD,0.015,0.666667,AAPL,2026-06-26,CALL
AAPL260703C00175000,2026-05-29 20:00:00+00:00,175.0,21.200000000000003,20.87,21.94,0.300002,1.435416,24.0,1345.0,0.2733020133008586,True,REGULAR,USD,21.405,0.049988,AAPL,2026-07-03,CALL
AAPL260703C00177500,2026-05-29 20:00:00+00:00,177.5,19.0,18.72,19.68,-0.039086,-0.205293,414.0,830.0,0.2721672425015021,True,REGULAR,USD,19.2,0.05,AAPL,2026-07-03,CALL
AAPL260703C00180000,2026-05-29 20:00:00+00:00,180.0,17.35,16.62,17.48,0.858798,5.207613,24.0,374.0,0.2710483431435229,True,REGULAR,USD,17.05,0.05044,AAPL,2026-07-03,CALL
AAPL260703C00182500,2026-05-29 20:00:00+00:00,182.5,15.15,14.67,15.43,0.583389,4.004974,2283.0,2713.0,0.26994487737293604,True,REGULAR,USD,15.05,0.050498,AAPL,2026-07-03,CALL
AAPL260703C00185000,2026-05-29 20:00:00+00:00,185.0,12.9,12.77,13.43,-0.143592,-1.100862,105.0,2109.0,0.26885642520847375,True,REGULAR,USD,13.1,0.050382,AAPL,2026-07-03,CALL
AAPL260703C00187500,2026-05-29 20:00:00+00:00,187.5,11.450000000000001,11.02,11.58,-0.400403,-3.378813,528.0,12597.0,0.2677825835819025,True,REGULAR,USD,11.3,0.049558,AAPL,2026-07-03,CALL
AAPL260703C00190000,2026-05-29 20:00:00+00:00,190.0,9.65,9.41,9.89,-0.510783,-5.027004,303.0,1984.0,0.26672296544190083,True,REGULAR,USD,9.65,0.049741,AAPL,2026-07-03,CALL
AAPL260703C00192500,2026-05-29 20:00:00+00:00,192.5,8.05,7.95,8.35,0.238672,3.05546,196.0,465.0,0.26567719891651265,True,REGULAR,USD,8.15,0.04908,AAPL,2026-07-03,CALL
AAPL260703C00195000,2026-05-29 20:00:00+00:00,195.0,6.75,6.63,6.97,0.352895,5.51648,333.0,3907.0,0.26464492652964,False,REGULAR,USD,6.8,0.05,AAPL,2026-07-03,CALL
AAPL260703C00197500,2026-05-29 20:00:00+00:00,197.5,5.550000000000001,5.46,5.74,-0.193894,-3.375654,190.0,531.0,0.2636258044674456,False,REGULAR,USD,5.6,0.05,AAPL,2026-07-03,CALL
AAPL260703C00200000,2026-05-29 20:00:00+00:00,200.0,4.6000000000000005,4.44,4.66,0.234559,5.373088,109.0,12426.0,0.26261950189089683,False,REGULAR,USD,4.55,0.048352,AAPL,2026-07-03,CALL
AAPL260703C00202500,2026-05-29 20:00:00+00:00,202.5,3.6,3.56,3.74,-0.208129,-5.465387,692.0,2025.0,0.26162570029101223,False,REGULAR,USD,3.65,0.049315,AAPL,2026-07-03,CALL
AAPL260703C00205000,2026-05-29 20:00:00+00:00,205.0,2.9000000000000004,2.78,2.92,0.018619,0.646183,127.0,3258.0,0.2606440928836671,False,REGULAR,USD,2.85,0.049123,AAPL,2026-07-03,CALL
AAPL260703C00207500,2026-05-29 20:00:00+00:00,207.5,2.3000000000000003,2.19,2.31,-0.121336,-5.011118,1001.0,605.0,0.2596743840410795,False,REGULAR,USD,2.25,0.053333,AAPL,2026-07-03,CALL
AAPL260703C00210000,2026-05-29 20:00:00+00:00,210.0,1.75,1.65,1.75,0.02381,1.379338,315.0,9940.0,0.25871628875734226,False,REGULAR,USD,1.7,0.058824,AAPL,2026-07-03,CALL
AAPL260703C00212500,2026-05-29 20:00:00+00:00,212.5,1.3,1.25,1.35,0.047472,3.790095,90.0,200.0,0.257769532145582,False,REGULAR,USD,1.3,0.076923,AAPL,2026-07-03,CALL
AAPL260703C00215000,2026-05-29 20:00:00+00:00,215.0,0.9500000000000001,0.9,1.0,-0.042108,-4.244296,2519.0,238.0,0.2568338489645267,False,REGULAR,USD,0.95,0.105263,AAPL,2026-07-03,CALL
AAPL260703C00217500,2026-05-29 20:00:00+00:00,217.5,0.7000000000000001,0.65,0.75,-0.039483,-5.339271,1088.0,728.0,0.25590898317244065,False,REGULAR,USD,0.7,0.142857,AAPL,2026-07-03,CALL
AAPL260703C00220000,2026-05-29 20:00:00+00:00,220.0,0.5,0.45,0.55,-0.009693,-1.901733,182.0,227.0,0.2549946875065508,False,REGULAR,USD,0.5,0.2,AAPL,2026-07-03,CALL
AAPL260703C00222500,2026-05-29 20:00:00+00:00,222.5,0.36,0.35,0.37,-0.00748,-2.035485,1942.0,12738.0,0.25409072308623615,False,REGULAR,USD,0.36,0.055556,AAPL,2026-07-03,CALL
AAPL260703C00225000,2026-05-29 20:00:00+00:00,225.0,0.25,0.24,0.26,-0.01462,-5.524904,109.0,7993.0,0.2531968590383862,False,REGULAR,USD,0.25,0.08,AAPL,2026-07-03,CALL
AAPL260703C00227500,2026-05-29 20:00:00+00:00,227.5,0.17,0.16,0.18,9e-05,0.052969,88.0,831.0,0.2523128721434593,False,REGULAR,USD,0.17,0.117647,AAPL,2026-07-03,CALL
AAPL260703C00230000,2026-05-29 20:00:00+00:00,230.0,0.12,0.11,0.13,0.002623,2.23468,114.0,158.0,0.25143854650088415,False,REGULAR,USD,0.12,0.166667,AAPL,2026-07-03,CALL
AAPL260703C00232500,2026-05-29 20:00:00+00:00,232.5,0.08,0.07,0.09,-6.6e-05,-0.082432,63.0,7361.0,0.25057367321254687,False,REGULAR,USD,0.08,0.25,AAPL,2026-07-03,CALL
AAPL260703C00235000,2026-05-29 20:00:00+00:00,235.0,0.05,0.04,0.06,-0.002658,-5.047666,144.0,34.0,0.24971805008320702,False,REGULAR,USD,0.05,0.4,AAPL,2026-07-03,CALL
AAPL260703C00237500,2026-05-29 20:00:00+00:00,237.5,0.03,0.02,0.04,-0.000332,-1.094554,39.0,6426.0,0.24887148133676407,False,REGULAR,USD,0.03,0.666667,AAPL,2026-07-03,CALL
AAPL260717C00165000,2026-05-29 20:00:00+00:00,165.0,31.8,30.57,32.13,0.586944,1.880444,3530.0,170.0,0.2788602779602506,True,REGULAR,USD,31.35,0.049761,AAPL,2026-07-17,CALL
AAPL260717C00170000,2026-05-29 20:00:00+00:00,170.0,26.450000000000003,26.03,27.37,1.496991,5.99924,1474.0,326.0,0.27647204090827604,True,REGULAR,USD,26.7,0.050187,AAPL,2026-07-17,CALL
AAPL260717C00175000,2026-05-29 20:00:00+00:00,175.0,21.950000000000003,21.69,22.81,-1.242425,-5.357029,19.0,944.0,0.2741530379584159,True,REGULAR,USD,22.25,0.050337,AAPL,2026-07-17,CALL
AAPL260717C00180000,2026-05-29 20:00:00+00:00,180.0,18.35,17.65,18.55,0.348315,1.934902,262.0,227.0,0.27189936780108015,True,REGULAR,USD,18.1,0.049724,AAPL,2026-07-17,CALL
AAPL260717C00185000,2026-05-29 20:00:00+00:00,185.0,14.4,13.94,14.66,0.802457,5.901485,70.0,3090.0,0.269707449866031,True,REGULAR,USD,14.3,0.05035,AAPL,2026-07-17,CALL
AAPL260717C00190000,2026-05-29 20:00:00+00:00,190.0,10.850000000000001,10.68,11.22,0.554599,5.386862,120.0,2206.0,0.2675739900994581,True,REGULAR,USD,10.95,0.049315,AAPL,2026-07-17,CALL
AAPL260717C00192500,2026-05-29 20:00:00+00:00,192.5,9.5,9.26,9.74,-0.274303,-2.806369,25.0,375.0,0.2665282235740699,True,REGULAR,USD,9.5,0.050526,AAPL,2026-07-17,CALL
AAPL260717C00195000,2026-05-29 20:00:00+00:00,195.0,8.15,7.95,8.35,0.179834,2.256339,754.0,6400.0,0.26549595118719727,False,REGULAR,USD,8.15,0.04908,AAPL,2026-07-17,CALL
AAPL260717C00197500,2026-05-29 20:00:00+00:00,197.5,6.95,6.73,7.07,-0.394557,-5.372101,340.0,1130.0,0.26447682912500287,False,REGULAR,USD,6.9,0.049275,AAPL,2026-07-17,CALL
AAPL260717C00200000,2026-05-29 20:00:00+00:00,200.0,5.800000000000001,5.7,6.0,0.235057,4.223889,398.0,142.0,0.2634705265484541,False,REGULAR,USD,5.85,0.051282,AAPL,2026-07-17,CALL
AAPL260717C00202500,2026-05-29 20:00:00+00:00,202.5,4.75,4.73,4.97,0.106069,2.284035,282.0,1438.0,0.2624767249485695,False,REGULAR,USD,4.85,0.049485,AAPL,2026-07-17,CALL
AAPL260717C00205000,2026-05-29 20:00:00+00:00,205.0,4.0,3.9,4.1,-0.153814,-3.702958,461.0,2123.0,0.26149511754122434,False,REGULAR,USD,4.0,0.05,AAPL,2026-07-17,CALL
AAPL260717C00210000,2026-05-29 20:00:00+00:00,210.0,2.7,2.58,2.72,-0.09987,-3.566951,493.0,2343.0,0.2595673134148995,False,REGULAR,USD,2.65,0.05283,AAPL,2026-07-17,CALL
AAPL260717C00215000,2026-05-29 20:00:00+00:00,215.0,1.6500000000000001,1.65,1.75,-0.093906,-5.384809,249.0,6904.0,0.257684873622084,False,REGULAR,USD,1.7,0.058824,AAPL,2026-07-17,CALL
AAPL260717C00220000,2026-05-29 20:00:00+00:00,220.0,1.05,1.0,1.1,-0.008106,-0.766086,116.0,101.0,0.25584571216410806,False,REGULAR,USD,1.05,0.095238,AAPL,2026-07-17,CALL
AAPL260717C00225000,2026-05-29 20:00:00+00:00,225.0,0.6000000000000001,0.55,0.65,-0.035955,-5.653702,210.0,14125.0,0.2540478836959434,False,REGULAR,USD,0.6,0.166667,AAPL,2026-07-17,CALL
AAPL260717C00230000,2026-05-29 20:00:00+00:00,230.0,0.34,0.33,0.35,-0.000947,-0.277756,104.0,1163.0,0.25228957115844136,False,REGULAR,USD,0.34,0.058824,AAPL,2026-07-17,CALL
AAPL260717C00235000,2026-05-29 20:00:00+00:00,235.0,0.18,0.17,0.19,-0.004698,-2.543612,643.0,3237.0,0.2505690747407643,False,REGULAR,USD,0.18,0.111111,AAPL,2026-07-17,CALL
AAPL260717C00240000,2026-05-29 20:00:00+00:00,240.0,0.09,0.08,0.1,-0.003108,-3.338059,361.0,5.0,0.2488848020049377,False,REGULAR,USD,0.09,0.222222,AAPL,2026-07-17,CALL
AAPL260717C00245000,2026-05-29 20:00:00+00:00,245.0,0.05,0.04,0.06,-0.000115,-0.229472,107.0,4818.0,0.24723525902871885,False,REGULAR,USD,0.05,0.4,AAPL,2026-07-17,CALL
AAPL260717C00250000,2026-05-29 20:00:00+00:00,250.0,0.02,0.01,0.03,0.001164,6.179656,473.0,1666.0,0.24561904244331728,False,REGULAR,USD,0.02,1.0,AAPL,2026-07-17,CALL
AAPL260821C00165000,2026-05-29 20:00:00+00:00,165.0,32.6,31.93,33.57,0.415498,1.290988,484.0,132.0,0.2805602160105144,True,REGULAR,USD,32.75,0.050076,AAPL,2026-08-21,CALL
AAPL260821C00170000,2026-05-29 20:00:00+00:00,170.0,27.900000000000002,27.69,29.11,-1.243961,-4.268332,129.0,10489.0,0.27817197895853985,True,REGULAR,USD,28.4,0.05,AAPL,2026-08-21,CALL
AAPL260821C00175000,2026-05-29 20:00:00+00:00,175.0,23.950000000000003,23.64,24.86,0.181633,0.76418,58.0,778.0,0.2758529760086797,True,REGULAR,USD,24.25,0.050309,AAPL,2026-08-21,CALL
AAPL260821C00180000,2026-05-29 20:00:00+00:00,180.0,20.5,19.89,20.91,-0.633479,-2.997514,85.0,1229.0,0.27359930585134395,True,REGULAR,USD,20.4,0.05,AAPL,2026-08-21,CALL
AAPL260821C00185000,2026-05-29 20:00:00+00:00,185.0,16.650000000000002,16.48,17.32,-0.397049,-2.329136,199.0,834.0,0.2714073879162948,True,REGULAR,USD,16.9,0.049704,AAPL,2026-08-21,CALL
AAPL260821C00190000,2026-05-29 20:00:00+00:00,190.0,13.55,13.41,14.09,0.760266,5.944346,222.0,942.0,0.2692739281497219,True,REGULAR,USD,13.75,0.049455,AAPL,2026-08-21,CALL
AAPL260821C00192500,2026-05-29 20:00:00+00:00,192.5,12.25,11.99,12.61,0.375003,3.157921,5818.0,1539.0,0.2682281616243337,True,REGULAR,USD,12.3,0.050407,AAPL,2026-08-21,CALL
AAPL260821C00195000,2026-05-29 20:00:00+00:00,195.0,10.850000000000001,10.68,11.22,-0.466934,-4.125976,545.0,4043.0,0.26719588923746107,False,REGULAR,USD,10.95,0.049315,AAPL,2026-08-21,CALL
AAPL260821C00197500,2026-05-29 20:00:00+00:00,197.5,9.75,9.46,9.94,0.553279,6.016046,3.0,367.0,0.26617676717526667,False,REGULAR,USD,9.7,0.049485,AAPL,2026-08-21,CALL
AAPL260821C00200000,2026-05-29 20:00:00+00:00,200.0,8.700000000000001,8.34,8.76,-0.2132,-2.391958,771.0,4297.0,0.2651704645987179,False,REGULAR,USD,8.55,0.049123,AAPL,2026-08-21,CALL
AAPL260821C00202500,2026-05-29 20:00:00+00:00,202.5,7.6000000000000005,7.31,7.69,-0.30747,-3.888349,462.0,883.0,0.2641766629988333,False,REGULAR,USD,7.5,0.050667,AAPL,2026-08-21,CALL
AAPL260821C00205000,2026-05-29 20:00:00+00:00,205.0,6.6000000000000005,6.39,6.71,-0.316276,-4.572923,544.0,12326.0,0.26319505559148815,False,REGULAR,USD,6.55,0.048855,AAPL,2026-08-21,CALL
AAPL260821C00210000,2026-05-29 20:00:00+00:00,210.0,5.0,4.78,5.02,0.051597,1.0427,1585.0,280.0,0.26126725146516333,False,REGULAR,USD,4.9,0.04898,AAPL,2026-08-21,CALL
AAPL260821C00215000,2026-05-29 20:00:00+00:00,215.0,3.5500000000000003,3.51,3.69,-0.122369,-3.332154,112.0,2164.0,0.2593848116723478,False,REGULAR,USD,3.6,0.05,AAPL,2026-08-21,CALL
AAPL260821C00220000,2026-05-29 20:00:00+00:00,220.0,2.6,2.54,2.67,0.141114,5.73894,121.0,1679.0,0.25754565021437187,False,REGULAR,USD,2.605,0.049904,AAPL,2026-08-21,CALL
AAPL260821C00225000,2026-05-29 20:00:00+00:00,225.0,1.8,1.75,1.85,0.014992,0.839884,45.0,52.0,0.25574782174620725,False,REGULAR,USD,1.8,0.055556,AAPL,2026-08-21,CALL
AAPL260821C00230000,2026-05-29 20:00:00+00:00,230.0,1.25,1.2,1.3,-0.007247,-0.576418,594.0,1946.0,0.2539895092087052,False,REGULAR,USD,1.25,0.08,AAPL,2026-08-21,CALL
AAPL260821C00235000,2026-05-29 20:00:00+00:00,235.0,0.8500000000000001,0.8,0.9,0.007927,0.941367,57.0,112.0,0.2522690127910281,False,REGULAR,USD,0.85,0.117647,AAPL,2026-08-21,CALL
AAPL260821C00240000,2026-05-29 20:00:00+00:00,240.0,0.55,0.5,0.6,-0.016572,-2.924959,107.0,1927.0,0.25058474005520154,False,REGULAR,USD,0.55,0.181818,AAPL,2026-08-21,CALL
AAPL260821C00245000,2026-05-29 20:00:00+00:00,245.0,0.35000000000000003,0.34,0.36,-0.008603,-2.399032,41.0,866.0,0.24893519707898268,False,REGULAR,USD,0.35,0.057143,AAPL,2026-08-21,CALL
AAPL260821C00250000,2026-05-29 20:00:00+00:00,250.0,0.22,0.21,0.23,0.009535,4.530444,26.0,1339.0,0.24731898049358111,False,REGULAR,USD,0.22,0.090909,AAPL,2026-08-21,CALL
AAPL260821C00255000,2026-05-29 20:00:00+00:00,255.0,0.13,0.12,0.14,-0.005776,-4.254066,297.0,546.0,0.24573477030988675,False,REGULAR,USD,0.13,0.153846,AAPL,2026-08-21,CALL
AAPL260821C00260000,2026-05-29 20:00:00+00:00,260.0,0.08,0.07,0.09,-0.003318,-3.982333,15.0,1139.0,0.24418132344131863,False,REGULAR,USD,0.08,0.25,AAPL,2026-08-21,CALL
AAPL260918C00165000,2026-05-29 20:00:00+00:00,165.0,34.35,33.1,34.8,-0.179541,-0.519963,6903.0,4134.0,0.2816734239496671,True,REGULAR,USD,33.95,0.050074,AAPL,2026-09-18,CALL
AAPL260918C00170000,2026-05-29 20:00:00+00:00,170.0,29.35,29.01,30.49,1.156224,4.10099,497.0,2179.0,0.27928518689769255,True,REGULAR,USD,29.75,0.049748,AAPL,2026-09-18,CALL
AAPL260918C00175000,2026-05-29 20:00:00+00:00,175.0,26.05,25.16,26.45,0.963449,3.8405,3348.0,5649.0,0.2769661839478324,True,REGULAR,USD,25.805,0.04999,AAPL,2026-09-18,CALL
AAPL260918C00180000,2026-05-29 20:00:00+00:00,180.0,22.0,21.55,22.65,-0.24291,-1.092078,129.0,3198.0,0.27471251379049666,True,REGULAR,USD,22.1,0.049774,AAPL,2026-09-18,CALL
AAPL260918C00185000,2026-05-29 20:00:00+00:00,185.0,18.45,18.23,19.17,0.110606,0.603106,102.0,2898.0,0.2725205958554475,True,REGULAR,USD,18.7,0.050267,AAPL,2026-09-18,CALL
AAPL260918C00190000,2026-05-29 20:00:00+00:00,190.0,15.450000000000001,15.21,15.99,-0.845811,-5.190358,177.0,25.0,0.2703871360888746,True,REGULAR,USD,15.6,0.05,AAPL,2026-09-18,CALL
AAPL260918C00192500,2026-05-29 20:00:00+00:00,192.5,13.950000000000001,13.85,14.56,0.617377,4.630574,70.0,4946.0,0.2693413695634864,True,REGULAR,USD,14.205,0.049982,AAPL,2026-09-18,CALL
AAPL260918C00195000,2026-05-29 20:00:00+00:00,195.0,13.100000000000001,12.53,13.17,0.15614,1.206286,64.0,66.0,0.2683090971766138,False,REGULAR,USD,12.85,0.049805,AAPL,2026-09-18,CALL
AAPL260918C00197500,2026-05-29 20:00:00+00:00,197.5,11.700000000000001,11.31,11.89,0.270107,2.363163,801.0,2648.0,0.2672899751144194,False,REGULAR,USD,11.6,0.05,AAPL,2026-09-18,CALL
AAPL260918C00200000,2026-05-29 20:00:00+00:00,200.0,10.55,10.19,10.71,0.020471,0.194415,288.0,53.0,0.2662836725378706,False,REGULAR,USD,10.45,0.049761,AAPL,2026-09-18,CALL
AAPL260918C00202500,2026-05-29 20:00:00+00:00,202.5,9.450000000000001,9.12,9.58,0.166922,1.798132,98.0,23992.0,0.265289870937986,False,REGULAR,USD,9.35,0.049198,AAPL,2026-09-18,CALL
AAPL260918C00205000,2026-05-29 20:00:00+00:00,205.0,8.3,8.14,8.56,-0.104237,-1.240291,837.0,4661.0,0.26430826353064085,False,REGULAR,USD,8.35,0.050299,AAPL,2026-09-18,CALL
AAPL260918C00210000,2026-05-29 20:00:00+00:00,210.0,6.550000000000001,6.39,6.71,0.120356,1.871892,890.0,713.0,0.26238045940431604,False,REGULAR,USD,6.55,0.048855,AAPL,2026-09-18,CALL
AAPL260918C00215000,2026-05-29 20:00:00+00:00,215.0,5.050000000000001,4.97,5.23,-0.295236,-5.523348,318.0,299.0,0.2604980196115005,False,REGULAR,USD,5.1,0.05098,AAPL,2026-09-18,CALL
AAPL260918C00220000,2026-05-29 20:00:00+00:00,220.0,3.95,3.8,4.0,-0.143393,-3.503035,156.0,2006.0,0.2586588581535246,False,REGULAR,USD,3.9,0.051282,AAPL,2026-09-18,CALL
AAPL260918C00225000,2026-05-29 20:00:00+00:00,225.0,2.9000000000000004,2.83,2.97,-0.128505,-4.243183,3214.0,113.0,0.25686102968535995,False,REGULAR,USD,2.9,0.048276,AAPL,2026-09-18,CALL
AAPL260918C00230000,2026-05-29 20:00:00+00:00,230.0,2.2,2.1,2.2,-0.073301,-3.22443,153.0,10718.0,0.2551027171478579,False,REGULAR,USD,2.15,0.046512,AAPL,2026-09-18,CALL
AAPL260918C00235000,2026-05-29 20:00:00+00:00,235.0,1.55,1.5,1.6,0.07462,5.05768,191.0,10568.0,0.2533822207301808,False,REGULAR,USD,1.55,0.064516,AAPL,2026-09-18,CALL
AAPL260918C00240000,2026-05-29 20:00:00+00:00,240.0,1.1,1.05,1.15,0.035597,3.344316,660.0,201.0,0.25169794799435424,False,REGULAR,USD,1.1,0.090909,AAPL,2026-09-18,CALL
AAPL260918C00245000,2026-05-29 20:00:00+00:00,245.0,0.8,0.75,0.85,-0.030977,-3.727781,2240.0,846.0,0.25004840501813536,False,REGULAR,USD,0.8,0.125,AAPL,2026-09-18,CALL
AAPL260918C00250000,2026-05-29 20:00:00+00:00,250.0,0.55,0.5,0.6,-0.021491,-3.760514,205.0,313.0,0.2484321884327338,False,REGULAR,USD,0.55,0.181818,AAPL,2026-09-18,CALL
AAPL260918C00255000,2026-05-29 20:00:00+00:00,255.0,0.36,0.36,0.38,-0.007141,-1.945029,423.0,283.0,0.24684797824903942,False,REGULAR,USD,0.37,0.054054,AAPL,2026-09-18,CALL
AAPL260918C00260000,2026-05-29 20:00:00+00:00,260.0,0.25,0.24,0.26,0.010998,4.601635,397.0,906.0,0.2452945313804713,False,REGULAR,USD,0.25,0.08,AAPL,2026-09-18,CALL
AAPL261016C00165000,2026-05-29 20:00:00+00:00,165.0,35.050000000000004,34.27,36.03,1.02391,3.009191,188.0,1676.0,0.2826541798323333,True,REGULAR,USD,35.15,0.050071,AAPL,2026-10-16,CALL
AAPL261016C00170000,2026-05-29 20:00:00+00:00,170.0,31.3,30.32,31.88,-1.108086,-3.419165,47.0,11491.0,0.28026594278035877,True,REGULAR,USD,31.1,0.050161,AAPL,2026-10-16,CALL
AAPL261016C00175000,2026-05-29 20:00:00+00:00,175.0,27.200000000000003,26.57,27.93,-0.375048,-1.360099,230.0,7453.0,0.2779469398304986,True,REGULAR,USD,27.25,0.049908,AAPL,2026-10-16,CALL
AAPL261016C00180000,2026-05-29 20:00:00+00:00,180.0,24.0,23.11,24.29,-0.06238,-0.259243,73.0,22359.0,0.2756932696731629,True,REGULAR,USD,23.7,0.049789,AAPL,2026-10-16,CALL
AAPL261016C00185000,2026-05-29 20:00:00+00:00,185.0,19.950000000000003,19.84,20.86,1.183889,6.308654,751.0,1314.0,0.27350135173811374,True,REGULAR,USD,20.35,0.050123,AAPL,2026-10-16,CALL
AAPL261016C00190000,2026-05-29 20:00:00+00:00,190.0,17.650000000000002,16.92,17.78,0.280917,1.617339,2846.0,623.0,0.2713678919715408,True,REGULAR,USD,17.35,0.049568,AAPL,2026-10-16,CALL
AAPL261016C00192500,2026-05-29 20:00:00+00:00,192.5,15.850000000000001,15.5,16.3,-0.466545,-2.859337,2537.0,188.0,0.27032212544615264,True,REGULAR,USD,15.9,0.050314,AAPL,2026-10-16,CALL
AAPL261016C00195000,2026-05-29 20:00:00+00:00,195.0,14.4,14.24,14.97,0.548276,3.958179,229.0,412.0,0.26928985305928,False,REGULAR,USD,14.605,0.049983,AAPL,2026-10-16,CALL
AAPL261016C00197500,2026-05-29 20:00:00+00:00,197.5,13.3,13.02,13.68,-0.490371,-3.555894,217.0,53.0,0.2682707309970856,False,REGULAR,USD,13.35,0.049438,AAPL,2026-10-16,CALL
AAPL261016C00200000,2026-05-29 20:00:00+00:00,200.0,12.3,11.85,12.45,-0.034328,-0.278313,681.0,2349.0,0.2672644284205368,False,REGULAR,USD,12.15,0.049383,AAPL,2026-10-16,CALL
AAPL261016C00202500,2026-05-29 20:00:00+00:00,202.5,10.9,10.77,11.33,0.036644,0.337317,51.0,2441.0,0.2662706268206522,False,REGULAR,USD,11.05,0.050679,AAPL,2026-10-16,CALL
AAPL261016C00205000,2026-05-29 20:00:00+00:00,205.0,10.15,9.75,10.25,-0.577703,-5.385151,72.0,163.0,0.26528901941330707,False,REGULAR,USD,10.0,0.05,AAPL,2026-10-16,CALL
AAPL261016C00210000,2026-05-29 20:00:00+00:00,210.0,8.05,7.9,8.3,0.460623,6.069312,2364.0,3182.0,0.26336121528698225,False,REGULAR,USD,8.1,0.049383,AAPL,2026-10-16,CALL
AAPL261016C00215000,2026-05-29 20:00:00+00:00,215.0,6.550000000000001,6.39,6.71,-0.119085,-1.785627,476.0,3174.0,0.2614787754941667,False,REGULAR,USD,6.55,0.048855,AAPL,2026-10-16,CALL
AAPL261016C00220000,2026-05-29 20:00:00+00:00,220.0,5.2,5.07,5.33,0.144286,2.853919,409.0,502.0,0.2596396140361908,False,REGULAR,USD,5.2,0.05,AAPL,2026-10-16,CALL
AAPL261016C00225000,2026-05-29 20:00:00+00:00,225.0,4.0,3.95,4.15,-0.138885,-3.355614,298.0,158.0,0.25784178556802617,False,REGULAR,USD,4.05,0.049383,AAPL,2026-10-16,CALL
AAPL261016C00230000,2026-05-29 20:00:00+00:00,230.0,3.2,3.07,3.23,-0.184772,-5.45892,16.0,1758.0,0.25608347303052414,False,REGULAR,USD,3.15,0.050794,AAPL,2026-10-16,CALL
AAPL261016C00235000,2026-05-29 20:00:00+00:00,235.0,2.45,2.34,2.46,-0.094499,-3.713855,14.0,658.0,0.254362976612847,False,REGULAR,USD,2.4,0.05,AAPL,2026-10-16,CALL
AAPL261016C00240000,2026-05-29 20:00:00+00:00,240.0,1.8,1.75,1.85,-0.012466,-0.687792,81.0,945.0,0.2526787038770204,False,REGULAR,USD,1.8,0.055556,AAPL,2026-10-16,CALL
AAPL261016C00245000,2026-05-29 20:00:00+00:00,245.0,1.35,1.3,1.4,0.057277,4.430725,162.0,2811.0,0.2510291609008016,False,REGULAR,USD,1.35,0.074074,AAPL,2026-10-16,CALL
AAPL261016C00250000,2026-05-29 20:00:00+00:00,250.0,1.0,0.95,1.05,0.027795,2.858965,39.0,8048.0,0.2494129443154,False,REGULAR,USD,1.0,0.1,AAPL,2026-10-16,CALL
AAPL261016C00255000,2026-05-29 20:00:00+00:00,255.0,0.7000000000000001,0.65,0.75,-0.036981,-5.017904,567.0,974.0,0.24782873413170564,False,REGULAR,USD,0.7,0.142857,AAPL,2026-10-16,CALL
AAPL261016C00260000,2026-05-29 20:00:00+00:00,260.0,0.5,0.45,0.55,0.011306,2.313513,173.0,1793.0,0.24627528726313752,False,REGULAR,USD,0.5,0.2,AAPL,2026-10-16,CALL
AAPL261120C00165000,2026-05-29 20:00:00+00:00,165.0,35.95,35.73,37.57,-0.921207,-2.498445,232.0,46.0,0.28375069824382054,True,REGULAR,USD,36.65,0.050205,AAPL,2026-11-20,CALL
AAPL261120C00170000,2026-05-29 20:00:00+00:00,170.0,32.15,31.88,33.52,-0.00147,-0.004572,148.0,394.0,0.281362461191846,True,REGULAR,USD,32.7,0.050153,AAPL,2026-11-20,CALL
AAPL261120C00175000,2026-05-29 20:00:00+00:00,175.0,28.650000000000002,28.27,29.73,-0.81439,-2.763981,641.0,1365.0,0.27904345824198584,True,REGULAR,USD,29.0,0.050345,AAPL,2026-11-20,CALL
AAPL261120C00180000,2026-05-29 20:00:00+00:00,180.0,25.75,24.91,26.19,0.780587,3.126173,696.0,800.0,0.2767897880846501,True,REGULAR,USD,25.55,0.050098,AAPL,2026-11-20,CALL
AAPL261120C00185000,2026-05-29 20:00:00+00:00,185.0,22.5,21.74,22.86,-0.786186,-3.376191,40.0,3050.0,0.27459787014960096,True,REGULAR,USD,22.3,0.050224,AAPL,2026-11-20,CALL
AAPL261120C00190000,2026-05-29 20:00:00+00:00,190.0,19.450000000000003,18.82,19.78,0.687373,3.663522,1632.0,600.0,0.27246441038302804,True,REGULAR,USD,19.3,0.049741,AAPL,2026-11-20,CALL
AAPL261120C00192500,2026-05-29 20:00:00+00:00,192.5,18.1,17.45,18.35,-0.958582,-5.029661,63.0,5261.0,0.27141864385763986,True,REGULAR,USD,17.9,0.050279,AAPL,2026-11-20,CALL
AAPL261120C00195000,2026-05-29 20:00:00+00:00,195.0,16.75,16.14,16.96,0.482022,2.963011,18.0,2157.0,0.2703863714707672,False,REGULAR,USD,16.55,0.049547,AAPL,2026-11-20,CALL
AAPL261120C00197500,2026-05-29 20:00:00+00:00,197.5,15.5,14.92,15.68,-0.250076,-1.587776,59.0,347.0,0.2693672494085728,False,REGULAR,USD,15.3,0.049673,AAPL,2026-11-20,CALL
AAPL261120C00200000,2026-05-29 20:00:00+00:00,200.0,14.0,13.75,14.45,-0.454454,-3.144041,97.0,394.0,0.26836094683202405,False,REGULAR,USD,14.1,0.049645,AAPL,2026-11-20,CALL
AAPL261120C00202500,2026-05-29 20:00:00+00:00,202.5,12.9,12.63,13.27,-0.083705,-0.644693,150.0,198.0,0.26736714523213945,False,REGULAR,USD,12.95,0.049421,AAPL,2026-11-20,CALL
AAPL261120C00205000,2026-05-29 20:00:00+00:00,205.0,11.8,11.6,12.2,-0.189356,-1.579368,1653.0,3868.0,0.2663855378247943,False,REGULAR,USD,11.9,0.05042,AAPL,2026-11-20,CALL
AAPL261120C00210000,2026-05-29 20:00:00+00:00,210.0,9.8,9.7,10.2,-0.281162,-2.788984,32.0,451.0,0.2644577336984695,False,REGULAR,USD,9.95,0.050251,AAPL,2026-11-20,CALL
AAPL261120C00215000,2026-05-29 20:00:00+00:00,215.0,8.15,8.04,8.46,0.178037,2.233289,625.0,2829.0,0.26257529390565393,False,REGULAR,USD,8.25,0.050909,AAPL,2026-11-20,CALL
AAPL261120C00220000,2026-05-29 20:00:00+00:00,220.0,6.800000000000001,6.58,6.92,0.265587,4.064435,104.0,392.0,0.260736132447678,False,REGULAR,USD,6.75,0.05037,AAPL,2026-11-20,CALL
AAPL261120C00225000,2026-05-29 20:00:00+00:00,225.0,5.550000000000001,5.36,5.64,-0.267187,-4.593062,3581.0,9193.0,0.2589383039795134,False,REGULAR,USD,5.5,0.050909,AAPL,2026-11-20,CALL
AAPL261120C00230000,2026-05-29 20:00:00+00:00,230.0,4.4,4.34,4.56,-0.078472,-1.752205,2.0,2757.0,0.25717999144201137,False,REGULAR,USD,4.45,0.049438,AAPL,2026-11-20,CALL
AAPL261120C00235000,2026-05-29 20:00:00+00:00,235.0,3.6,3.46,3.64,0.011221,0.312669,252.0,1703.0,0.25545949502433424,False,REGULAR,USD,3.55,0.050704,AAPL,2026-11-20,CALL
AAPL261120C00240000,2026-05-29 20:00:00+00:00,240.0,2.85,2.73,2.87,0.088649,3.210349,66.0,2841.0,0.2537752222885077,False,REGULAR,USD,2.8,0.05,AAPL,2026-11-20,CALL
AAPL261120C00245000,2026-05-29 20:00:00+00:00,245.0,2.2,2.15,2.26,-0.121669,-5.240583,178.0,8966.0,0.2521256793122888,False,REGULAR,USD,2.205,0.049887,AAPL,2026-11-20,CALL
AAPL261120C00250000,2026-05-29 20:00:00+00:00,250.0,1.7000000000000002,1.65,1.75,-0.083492,-4.681378,29.0,897.0,0.25050946272688723,False,REGULAR,USD,1.7,0.058824,AAPL,2026-11-20,CALL
AAPL261120C00255000,2026-05-29 20:00:00+00:00,255.0,1.3,1.25,1.35,-0.047278,-3.50915,81.0,553.0,0.24892525254319287,False,REGULAR,USD,1.3,0.076923,AAPL,2026-11-20,CALL
AAPL261120C00260000,2026-05-29 20:00:00+00:00,260.0,1.0,0.95,1.05,-0.028941,-2.812698,361.0,1156.0,0.24737180567462475,False,REGULAR,USD,1.0,0.1,AAPL,2026-11-20,CALL
AAPL261218C00152500,2026-05-29 20:00:00+00:00,152.5,48.900000000000006,46.95,49.35,2.772744,6.011075,33.0,475.0,0.2908532614249427,True,REGULAR,USD,48.15,0.049844,AAPL,2026-12-18,CALL
AAPL261218C00162500,2026-05-29 20:00:00+00:00,162.5,39.25,38.81,40.8,-0.775041,-1.93639,1977.0,17329.0,0.28577218896715667,True,REGULAR,USD,39.805,0.049994,AAPL,2026-12-18,CALL
AAPL261218C00172500,2026-05-29 20:00:00+00:00,172.5,32.0,31.35,32.95,1.072616,3.468176,373.0,82.0,0.2809946501910269,True,REGULAR,USD,32.15,0.049767,AAPL,2026-12-18,CALL
AAPL261218C00182500,2026-05-29 20:00:00+00:00,182.5,25.650000000000002,24.67,25.93,0.89995,3.636154,252.0,857.0,0.27648641526693635,True,REGULAR,USD,25.3,0.049802,AAPL,2026-12-18,CALL
AAPL261218C00190000,2026-05-29 20:00:00+00:00,190.0,21.1,20.23,21.27,0.996298,4.955794,67.0,388.0,0.27326450333590113,True,REGULAR,USD,20.75,0.05012,AAPL,2026-12-18,CALL
AAPL261218C00192500,2026-05-29 20:00:00+00:00,192.5,19.6,18.87,19.83,0.6531,3.447002,578.0,1670.0,0.27221873681051295,True,REGULAR,USD,19.35,0.049612,AAPL,2026-12-18,CALL
AAPL261218C00195000,2026-05-29 20:00:00+00:00,195.0,17.900000000000002,17.6,18.5,-0.569369,-3.082775,3609.0,4318.0,0.2711864644236403,False,REGULAR,USD,18.05,0.049861,AAPL,2026-12-18,CALL
AAPL261218C00197500,2026-05-29 20:00:00+00:00,197.5,16.75,16.33,17.17,-0.614785,-3.540412,520.0,11136.0,0.2701673423614459,False,REGULAR,USD,16.75,0.050149,AAPL,2026-12-18,CALL
AAPL261218C00200000,2026-05-29 20:00:00+00:00,200.0,15.600000000000001,15.16,15.94,-0.792064,-4.831997,2427.0,571.0,0.26916103978489714,False,REGULAR,USD,15.55,0.050161,AAPL,2026-12-18,CALL
AAPL261218C00202500,2026-05-29 20:00:00+00:00,202.5,14.350000000000001,14.04,14.76,0.825487,6.103636,4983.0,23118.0,0.26816723818501254,False,REGULAR,USD,14.4,0.05,AAPL,2026-12-18,CALL
AAPL261218C00212500,2026-05-29 20:00:00+00:00,212.5,10.600000000000001,10.14,10.66,0.464746,4.58544,116.0,1256.0,0.2643110700395823,False,REGULAR,USD,10.4,0.05,AAPL,2026-12-18,CALL
AAPL261218C00222500,2026-05-29 20:00:00+00:00,222.5,7.300000000000001,7.12,7.48,-0.293012,-3.858969,2276.0,530.0,0.26063226098023645,False,REGULAR,USD,7.3,0.049315,AAPL,2026-12-18,CALL
AAPL261218C00232500,2026-05-29 20:00:00+00:00,232.5,5.0,4.83,5.07,0.099784,2.036318,56.0,1301.0,0.25711521110654717,False,REGULAR,USD,4.95,0.048485,AAPL,2026-12-18,CALL
AAPL261218C00242500,2026-05-29 20:00:00+00:00,242.5,3.3000000000000003,3.17,3.33,-0.097464,-2.868728,460.0,38.0,0.253746292278537,False,REGULAR,USD,3.25,0.049231,AAPL,2026-12-18,CALL
AAPL261218C00252500,2026-05-29 20:00:00+00:00,252.5,2.0,2.0,2.1,0.072188,3.744556,1468.0,103.0,0.2505135292115069,False,REGULAR,USD,2.05,0.04878,AAPL,2026-12-18,CALL
AAPL261218C00262500,2026-05-29 20:00:00+00:00,262.5,1.25,1.2,1.3,0.022215,1.809356,328.0,5269.0,0.24740634254620578,False,REGULAR,USD,1.25,0.08,AAPL,2026-12-18,CALL
AAPL261218C00272500,2026-05-29 20:00:00+00:00,272.5,0.75,0.7,0.8,0.022054,3.02962,403.0,183.0,0.24441533998047615,False,REGULAR,USD,0.75,0.133333,AAPL,2026-12-18,CALL
AAPL261218C00282500,2026-05-29 20:00:00+00:00,282.5,0.43,0.43,0.45,0.00489,1.150291,197.0,246.0,0.2415321450618204,False,REGULAR,USD,0.44,0.045455,AAPL,2026-12-18,CALL
AAPL261218C00292500,2026-05-29 20:00:00+00:00,292.5,0.24,0.23,0.25,0.01139,4.982284,110.0,424.0,0.23874925577498715,False,REGULAR,USD,0.24,0.083333,AAPL,2026-12-18,CALL
AAPL261218C00302500,2026-05-29 20:00:00+00:00,302.5,0.13,0.12,0.14,0.002778,2.183585,2037.0,422.0,0.23605992691106836,False,REGULAR,USD,0.13,0.153846,AAPL,2026-12-18,CALL
AAPL270319C00152500,2026-05-29 20:00:00+00:00,152.5,51.95,49.87,52.43,-1.238105,-2.327786,211.0,223.0,0.2931290730611791,True,REGULAR,USD,51.15,0.050049,AAPL,2027-03-19,CALL
AAPL270319C00162500,2026-05-29 20:00:00+00:00,162.5,43.300000000000004,42.17,44.33,-1.832741,-4.060779,18.0,3114.0,0.28804800060339303,True,REGULAR,USD,43.25,0.049942,AAPL,2027-03-19,CALL
AAPL270319C00172500,2026-05-29 20:00:00+00:00,172.5,35.4,35.1,36.9,1.955205,5.846067,811.0,4053.0,0.28327046182726323,True,REGULAR,USD,36.0,0.05,AAPL,2027-03-19,CALL
AAPL270319C00182500,2026-05-29 20:00:00+00:00,182.5,29.0,28.76,30.24,-1.034803,-3.445346,65.0,2424.0,0.2787622269031727,True,REGULAR,USD,29.5,0.050169,AAPL,2027-03-19,CALL
AAPL270319C00190000,2026-05-29 20:00:00+00:00,190.0,24.85,24.42,25.68,0.042235,0.170249,478.0,2851.0,0.2755403149721375,True,REGULAR,USD,25.05,0.050299,AAPL,2027-03-19,CALL
AAPL270319C00192500,2026-05-29 20:00:00+00:00,192.5,23.5,23.11,24.29,1.223536,5.492505,809.0,652.0,0.2744945484467493,True,REGULAR,USD,23.7,0.049789,AAPL,2027-03-19,CALL
AAPL270319C00195000,2026-05-29 20:00:00+00:00,195.0,22.650000000000002,21.84,22.96,0.653879,2.972701,83.0,3618.0,0.27346227605987666,False,REGULAR,USD,22.4,0.05,AAPL,2027-03-19,CALL
AAPL270319C00197500,2026-05-29 20:00:00+00:00,197.5,20.900000000000002,20.57,21.63,0.393021,1.916523,133.0,3123.0,0.27244315399768226,False,REGULAR,USD,21.1,0.050237,AAPL,2027-03-19,CALL
AAPL270319C00200000,2026-05-29 20:00:00+00:00,200.0,20.0,19.4,20.4,0.676427,3.500528,1570.0,589.0,0.2714368514211335,False,REGULAR,USD,19.9,0.050251,AAPL,2027-03-19,CALL
AAPL270319C00202500,2026-05-29 20:00:00+00:00,202.5,18.8,18.23,19.17,0.812528,4.517188,223.0,278.0,0.2704430498212489,False,REGULAR,USD,18.7,0.050267,AAPL,2027-03-19,CALL
AAPL270319C00212500,2026-05-29 20:00:00+00:00,212.5,14.4,14.14,14.86,0.235441,1.662184,393.0,1884.0,0.2665868816758187,False,REGULAR,USD,14.5,0.049655,AAPL,2027-03-19,CALL
AAPL270319C00222500,2026-05-29 20:00:00+00:00,222.5,10.950000000000001,10.72,11.28,0.534165,5.128393,53.0,2018.0,0.2629080726164728,False,REGULAR,USD,11.0,0.050909,AAPL,2027-03-19,CALL
AAPL270319C00232500,2026-05-29 20:00:00+00:00,232.5,8.25,8.0,8.41,0.063191,0.771864,1257.0,330.0,0.25939102274278353,False,REGULAR,USD,8.205,0.04997,AAPL,2027-03-19,CALL
AAPL270319C00242500,2026-05-29 20:00:00+00:00,242.5,5.8500000000000005,5.8,6.1,-0.033119,-0.56295,158.0,2008.0,0.25602210391477337,False,REGULAR,USD,5.95,0.05042,AAPL,2027-03-19,CALL
AAPL270319C00252500,2026-05-29 20:00:00+00:00,252.5,4.2,4.14,4.36,0.096332,2.347461,273.0,1972.0,0.25278934084774324,False,REGULAR,USD,4.25,0.051765,AAPL,2027-03-19,CALL
AAPL270319C00262500,2026-05-29 20:00:00+00:00,262.5,2.95,2.92,3.08,-0.022743,-0.765051,68.0,4297.0,0.24968215418244216,False,REGULAR,USD,3.0,0.053333,AAPL,2027-03-19,CALL
AAPL270319C00272500,2026-05-29 20:00:00+00:00,272.5,2.0,2.0,2.1,-0.069642,-3.36493,1046.0,12679.0,0.24669115161671254,False,REGULAR,USD,2.05,0.04878,AAPL,2027-03-19,CALL
AAPL270319C00282500,2026-05-29 20:00:00+00:00,282.5,1.35,1.35,1.45,0.069105,5.395056,147.0,255.0,0.2438079566980568,False,REGULAR,USD,1.4,0.071429,AAPL,2027-03-19,CALL
AAPL270319C00292500,2026-05-29 20:00:00+00:00,292.5,0.9,0.85,0.95,0.036274,4.199711,808.0,402.0,0.24102506741122354,False,REGULAR,USD,0.9,0.111111,AAPL,2027-03-19,CALL
AAPL270319C00302500,2026-05-29 20:00:00+00:00,302.5,0.6000000000000001,0.55,0.65,-0.002344,-0.389146,574.0,3793.0,0.23833573854730475,False,REGULAR,USD,0.6,0.166667,AAPL,2027-03-19,CALL
AAPL270618C00152500,2026-05-29 20:00:00+00:00,152.5,53.85,52.7,55.4,-2.071272,-3.703907,68.0,92587.0,0.2950722754788859,True,REGULAR,USD,54.05,0.049954,AAPL,2027-06-18,CALL
AAPL270618C00162500,2026-05-29 20:00:00+00:00,162.5,46.5,45.39,47.71,-0.652252,-1.383289,539.0,4886.0,0.2899912030210999,True,REGULAR,USD,46.55,0.049839,AAPL,2027-06-18,CALL
AAPL270618C00172500,2026-05-29 20:00:00+00:00,172.5,39.7,38.61,40.59,-0.942638,-2.319333,27.0,366.0,0.2852136642449701,True,REGULAR,USD,39.6,0.05,AAPL,2027-06-18,CALL
AAPL270618C00182500,2026-05-29 20:00:00+00:00,182.5,33.9,32.42,34.08,1.671098,5.185091,96.0,1395.0,0.28070542932087955,True,REGULAR,USD,33.25,0.049925,AAPL,2027-06-18,CALL
AAPL270618C00190000,2026-05-29 20:00:00+00:00,190.0,28.450000000000003,28.18,29.62,0.570284,2.045516,39.0,9012.0,0.27748351738984434,True,REGULAR,USD,28.9,0.049827,AAPL,2027-06-18,CALL
AAPL270618C00192500,2026-05-29 20:00:00+00:00,192.5,27.950000000000003,26.86,28.24,-0.167782,-0.596711,7.0,1485.0,0.27643775086445616,True,REGULAR,USD,27.55,0.050091,AAPL,2027-06-18,CALL
AAPL270618C00195000,2026-05-29 20:00:00+00:00,195.0,25.85,25.59,26.91,-1.418174,-5.20084,43.0,565.0,0.2754054784775835,False,REGULAR,USD,26.25,0.050286,AAPL,2027-06-18,CALL
AAPL270618C00197500,2026-05-29 20:00:00+00:00,197.5,25.0,24.33,25.57,1.305245,5.508582,803.0,1505.0,0.2743863564153891,False,REGULAR,USD,24.95,0.049699,AAPL,2027-06-18,CALL
AAPL270618C00200000,2026-05-29 20:00:00+00:00,200.0,23.950000000000003,23.16,24.34,-0.424867,-1.743054,1187.0,1101.0,0.27338005383884034,False,REGULAR,USD,23.75,0.049684,AAPL,2027-06-18,CALL
AAPL270618C00202500,2026-05-29 20:00:00+00:00,202.5,22.55,21.99,23.11,-1.00929,-4.284043,232.0,987.0,0.27238625223895574,False,REGULAR,USD,22.55,0.049667,AAPL,2027-06-18,CALL
AAPL270618C00212500,2026-05-29 20:00:00+00:00,212.5,18.1,17.75,18.65,-0.956579,-5.019679,1303.0,764.0,0.2685300840935255,False,REGULAR,USD,18.2,0.049451,AAPL,2027-06-18,CALL
AAPL270618C00222500,2026-05-29 20:00:00+00:00,222.5,14.5,14.14,14.86,-0.519445,-3.458483,5.0,2815.0,0.26485127503417966,False,REGULAR,USD,14.5,0.049655,AAPL,2027-06-18,CALL
AAPL270618C00232500,2026-05-29 20:00:00+00:00,232.5,11.200000000000001,11.07,11.63,-0.494875,-4.231554,152.0,932.0,0.2613342251604904,False,REGULAR,USD,11.35,0.049339,AAPL,2027-06-18,CALL
AAPL270618C00242500,2026-05-29 20:00:00+00:00,242.5,8.85,8.58,9.02,-0.499313,-5.340638,506.0,1043.0,0.2579653063324802,False,REGULAR,USD,8.8,0.05,AAPL,2027-06-18,CALL
AAPL270618C00252500,2026-05-29 20:00:00+00:00,252.5,6.6000000000000005,6.53,6.87,-0.239557,-3.502522,515.0,2119.0,0.2547325432654501,False,REGULAR,USD,6.7,0.050746,AAPL,2027-06-18,CALL
AAPL270618C00262500,2026-05-29 20:00:00+00:00,262.5,5.050000000000001,4.92,5.18,0.020583,0.409252,190.0,4424.0,0.25162535660014895,False,REGULAR,USD,5.05,0.051485,AAPL,2027-06-18,CALL
AAPL270618C00272500,2026-05-29 20:00:00+00:00,272.5,3.8000000000000003,3.66,3.84,-0.042172,-1.097608,78.0,386.0,0.24863435403441933,False,REGULAR,USD,3.75,0.048,AAPL,2027-06-18,CALL
AAPL270618C00282500,2026-05-29 20:00:00+00:00,282.5,2.8000000000000003,2.68,2.82,-0.031089,-1.098129,413.0,166.0,0.2457511591157636,False,REGULAR,USD,2.75,0.050909,AAPL,2027-06-18,CALL
AAPL270618C00292500,2026-05-29 20:00:00+00:00,292.5,1.9500000000000002,1.9,2.0,-0.056636,-2.822435,607.0,4214.0,0.24296826982893033,False,REGULAR,USD,1.95,0.051282,AAPL,2027-06-18,CALL
AAPL270618C00302500,2026-05-29 20:00:00+00:00,302.5,1.4000000000000001,1.35,1.45,0.025681,1.868635,919.0,728.0,0.24027894096501154,False,REGULAR,USD,1.4,0.071429,AAPL,2027-06-18,CALL
AAPL270917C00152500,2026-05-29 20:00:00+00:00,152.5,56.300000000000004,55.43,58.27,1.979794,3.644673,197.0,815.0,0.29679643965765246,True,REGULAR,USD,56.85,0.049956,AAPL,2027-09-17,CALL
AAPL270917C00162500,2026-05-29 20:00:00+00:00,162.5,50.45,48.36,50.84,-1.831802,-3.503709,1397.0,1884.0,0.2917153671998664,True,REGULAR,USD,49.6,0.05,AAPL,2027-09-17,CALL
AAPL270917C00172500,2026-05-29 20:00:00+00:00,172.5,42.550000000000004,41.78,43.92,0.440847,1.046915,98.0,2491.0,0.2869378284237366,True,REGULAR,USD,42.85,0.049942,AAPL,2027-09-17,CALL
AAPL270917C00182500,2026-05-29 20:00:00+00:00,182.5,36.050000000000004,35.78,37.62,0.366618,1.027419,5.0,3135.0,0.2824295934996461,True,REGULAR,USD,36.7,0.050136,AAPL,2027-09-17,CALL
AAPL270917C00190000,2026-05-29 20:00:00+00:00,190.0,32.9,31.64,33.26,0.970789,3.040442,217.0,645.0,0.27920768156861087,True,REGULAR,USD,32.45,0.049923,AAPL,2027-09-17,CALL
AAPL270917C00192500,2026-05-29 20:00:00+00:00,192.5,31.0,30.32,31.88,1.175893,3.94276,118.0,365.0,0.2781619150432227,True,REGULAR,USD,31.1,0.050161,AAPL,2027-09-17,CALL
AAPL270917C00195000,2026-05-29 20:00:00+00:00,195.0,30.1,29.05,30.55,-0.89165,-2.877065,113.0,156.0,0.27712964265635004,False,REGULAR,USD,29.8,0.050336,AAPL,2027-09-17,CALL
AAPL270917C00197500,2026-05-29 20:00:00+00:00,197.5,28.6,27.79,29.21,0.007374,0.02579,488.0,26452.0,0.27611052059415564,False,REGULAR,USD,28.5,0.049825,AAPL,2027-09-17,CALL
AAPL270917C00200000,2026-05-29 20:00:00+00:00,200.0,27.150000000000002,26.57,27.93,1.268506,4.901209,230.0,526.0,0.27510421801760687,False,REGULAR,USD,27.25,0.049908,AAPL,2027-09-17,CALL
AAPL270917C00202500,2026-05-29 20:00:00+00:00,202.5,26.05,25.45,26.75,1.069895,4.282988,2430.0,3355.0,0.27411041641772227,False,REGULAR,USD,26.1,0.049808,AAPL,2027-09-17,CALL
AAPL270917C00212500,2026-05-29 20:00:00+00:00,212.5,21.55,21.11,22.19,0.929915,4.509753,54.0,104.0,0.27025424827229205,False,REGULAR,USD,21.65,0.049885,AAPL,2027-09-17,CALL
AAPL270917C00222500,2026-05-29 20:00:00+00:00,222.5,18.1,17.36,18.25,0.013391,0.074038,1025.0,487.0,0.2665754392129462,False,REGULAR,USD,17.805,0.049986,AAPL,2027-09-17,CALL
AAPL270917C00232500,2026-05-29 20:00:00+00:00,232.5,14.5,14.09,14.81,0.29809,2.098943,709.0,521.0,0.2630583893392569,False,REGULAR,USD,14.45,0.049827,AAPL,2027-09-17,CALL
AAPL270917C00242500,2026-05-29 20:00:00+00:00,242.5,11.5,11.31,11.89,0.394212,3.549609,58.0,9165.0,0.25968947051124674,False,REGULAR,USD,11.6,0.05,AAPL,2027-09-17,CALL
AAPL270917C00252500,2026-05-29 20:00:00+00:00,252.5,9.35,9.02,9.48,0.069476,0.748622,704.0,133.0,0.2564567074442166,False,REGULAR,USD,9.25,0.04973,AAPL,2027-09-17,CALL
AAPL270917C00262500,2026-05-29 20:00:00+00:00,262.5,7.2,7.07,7.43,0.09195,1.293604,1712.0,2683.0,0.2533495207789155,False,REGULAR,USD,7.25,0.049655,AAPL,2027-09-17,CALL
AAPL270917C00272500,2026-05-29 20:00:00+00:00,272.5,5.550000000000001,5.51,5.79,0.097669,1.791326,1097.0,37891.0,0.2503585182131859,False,REGULAR,USD,5.65,0.049558,AAPL,2027-09-17,CALL
AAPL270917C00282500,2026-05-29 20:00:00+00:00,282.5,4.3,4.24,4.46,-0.140717,-3.16879,158.0,751.0,0.24747532329453015,False,REGULAR,USD,4.35,0.050575,AAPL,2027-09-17,CALL
AAPL270917C00292500,2026-05-29 20:00:00+00:00,292.5,3.25,3.22,3.38,0.167019,5.417451,133.0,2022.0,0.24469243400769689,False,REGULAR,USD,3.3,0.048485,AAPL,2027-09-17,CALL
AAPL270917C00302500,2026-05-29 20:00:00+00:00,302.5,2.45,2.44,2.56,0.106013,4.522764,1163.0,4587.0,0.2420031051437781,False,REGULAR,USD,2.5,0.048,AAPL,2027-09-17,CALL
AAPL271217C00152500,2026-05-29 20:00:00+00:00,152.5,60.5,58.06,61.04,-0.197148,-0.324806,377.0,7385.0,0.2983622656486834,True,REGULAR,USD,59.55,0.050042,AAPL,2027-12-17,CALL
AAPL271217C00162500,2026-05-29 20:00:00+00:00,162.5,52.900000000000006,51.19,53.81,-2.177317,-3.953201,58.0,402.0,0.29328119319089735,True,REGULAR,USD,52.5,0.049905,AAPL,2027-12-17,CALL
AAPL271217C00172500,2026-05-29 20:00:00+00:00,172.5,46.150000000000006,44.8,47.1,1.087677,2.413717,70.0,1095.0,0.28850365441476755,True,REGULAR,USD,45.95,0.050054,AAPL,2027-12-17,CALL
AAPL271217C00182500,2026-05-29 20:00:00+00:00,182.5,40.0,38.9,40.9,0.705508,1.795437,568.0,468.0,0.283995419490677,True,REGULAR,USD,39.9,0.050125,AAPL,2027-12-17,CALL
AAPL271217C00190000,2026-05-29 20:00:00+00:00,190.0,35.6,34.81,36.59,-0.666903,-1.838875,142.0,10508.0,0.2807735075596418,True,REGULAR,USD,35.7,0.04986,AAPL,2027-12-17,CALL
AAPL271217C00192500,2026-05-29 20:00:00+00:00,192.5,34.1,33.54,35.26,1.568535,4.821593,252.0,107.0,0.27972774103425363,True,REGULAR,USD,34.4,0.05,AAPL,2027-12-17,CALL
AAPL271217C00195000,2026-05-29 20:00:00+00:00,195.0,32.6,32.27,33.93,-0.058005,-0.177613,66.0,398.0,0.278695468647381,False,REGULAR,USD,33.1,0.050151,AAPL,2027-12-17,CALL
AAPL271217C00197500,2026-05-29 20:00:00+00:00,197.5,31.85,31.0,32.59,-1.221843,-3.694511,3200.0,4521.0,0.2776763465851866,False,REGULAR,USD,31.795,0.050008,AAPL,2027-12-17,CALL
AAPL271217C00200000,2026-05-29 20:00:00+00:00,200.0,31.1,29.84,31.37,0.970068,3.219616,2555.0,1221.0,0.2766700440086378,False,REGULAR,USD,30.605,0.049992,AAPL,2027-12-17,CALL
AAPL271217C00202500,2026-05-29 20:00:00+00:00,202.5,29.55,28.67,30.14,0.015614,0.052867,224.0,240.0,0.2756762424087532,False,REGULAR,USD,29.405,0.049991,AAPL,2027-12-17,CALL
AAPL271217C00212500,2026-05-29 20:00:00+00:00,212.5,25.0,24.28,25.52,0.37685,1.53047,1118.0,1929.0,0.271820074263323,False,REGULAR,USD,24.9,0.049799,AAPL,2027-12-17,CALL
AAPL271217C00222500,2026-05-29 20:00:00+00:00,222.5,20.75,20.38,21.42,1.156241,5.901068,70.0,6183.0,0.26814126520397713,False,REGULAR,USD,20.9,0.049761,AAPL,2027-12-17,CALL
AAPL271217C00232500,2026-05-29 20:00:00+00:00,232.5,17.2,17.01,17.89,-0.365513,-2.080856,185.0,5807.0,0.26462421533028785,False,REGULAR,USD,17.45,0.05043,AAPL,2027-12-17,CALL
AAPL271217C00242500,2026-05-29 20:00:00+00:00,242.5,14.600000000000001,14.04,14.76,-0.704854,-4.605428,391.0,220.0,0.2612552965022777,False,REGULAR,USD,14.4,0.05,AAPL,2027-12-17,CALL
AAPL271217C00252500,2026-05-29 20:00:00+00:00,252.5,11.75,11.51,12.1,0.627091,5.637833,2985.0,17050.0,0.25802253343524756,False,REGULAR,USD,11.805,0.049979,AAPL,2027-12-17,CALL
AAPL271217C00262500,2026-05-29 20:00:00+00:00,262.5,9.5,9.36,9.84,0.225721,2.433839,426.0,8164.0,0.2549153467699465,False,REGULAR,USD,9.6,0.05,AAPL,2027-12-17,CALL
AAPL271217C00272500,2026-05-29 20:00:00+00:00,272.5,7.7,7.51,7.89,-0.251084,-3.157859,538.0,466.0,0.25192434420421683,False,REGULAR,USD,7.7,0.049351,AAPL,2027-12-17,CALL
AAPL271217C00282500,2026-05-29 20:00:00+00:00,282.5,6.1000000000000005,6.0,6.3,0.318341,5.506049,3175.0,3463.0,0.2490411492855611,False,REGULAR,USD,6.15,0.04878,AAPL,2027-12-17,CALL
AAPL271217C00292500,2026-05-29 20:00:00+00:00,292.5,5.0,4.78,5.02,0.097896,1.99702,511.0,993.0,0.24625825999872786,False,REGULAR,USD,4.9,0.04898,AAPL,2027-12-17,CALL
AAPL271217C00302500,2026-05-29 20:00:00+00:00,302.5,3.9000000000000004,3.75,3.95,0.140819,3.746002,308.0,3873.0,0.24356893113480904,False,REGULAR,USD,3.85,0.051948,AAPL,2027-12-17,CALL
AAPL280317C00152500,2026-05-29 20:00:00+00:00,152.5,62.150000000000006,60.6,63.7,0.740539,1.205904,36.0,724.0,0.29980671850949514,True,REGULAR,USD,62.15,0.049879,AAPL,2028-03-17,CALL
AAPL280317C00162500,2026-05-29 20:00:00+00:00,162.5,56.050000000000004,53.92,56.68,3.287907,6.23157,9.0,6470.0,0.2947256460517091,True,REGULAR,USD,55.3,0.04991,AAPL,2028-03-17,CALL
AAPL280317C00172500,2026-05-29 20:00:00+00:00,172.5,48.25,47.68,50.12,0.382517,0.799117,1677.0,6233.0,0.2899481072755793,True,REGULAR,USD,48.9,0.049898,AAPL,2028-03-17,CALL
AAPL280317C00182500,2026-05-29 20:00:00+00:00,182.5,43.300000000000004,41.88,44.02,1.054986,2.497303,30.0,254.0,0.28543987235148877,True,REGULAR,USD,42.95,0.049825,AAPL,2028-03-17,CALL
AAPL280317C00190000,2026-05-29 20:00:00+00:00,190.0,39.45,37.83,39.77,1.042577,2.71452,247.0,334.0,0.28221796042045355,True,REGULAR,USD,38.8,0.05,AAPL,2028-03-17,CALL
AAPL280317C00192500,2026-05-29 20:00:00+00:00,192.5,37.65,36.56,38.44,-0.874299,-2.269474,402.0,1630.0,0.28117219389506537,True,REGULAR,USD,37.5,0.050133,AAPL,2028-03-17,CALL
AAPL280317C00195000,2026-05-29 20:00:00+00:00,195.0,36.050000000000004,35.3,37.11,-1.332575,-3.564696,2781.0,399.0,0.2801399215081927,False,REGULAR,USD,36.205,0.049993,AAPL,2028-03-17,CALL
AAPL280317C00197500,2026-05-29 20:00:00+00:00,197.5,35.2,34.08,35.82,-1.017356,-2.809029,10.0,2536.0,0.2791207994459983,False,REGULAR,USD,34.95,0.049785,AAPL,2028-03-17,CALL
AAPL280317C00200000,2026-05-29 20:00:00+00:00,200.0,33.300000000000004,32.86,34.54,-1.293238,-3.738413,32.0,1553.0,0.27811449686944956,False,REGULAR,USD,33.7,0.049852,AAPL,2028-03-17,CALL
AAPL280317C00202500,2026-05-29 20:00:00+00:00,202.5,32.2,31.69,33.31,1.171074,3.774136,11848.0,32499.0,0.27712069526956495,False,REGULAR,USD,32.5,0.049846,AAPL,2028-03-17,CALL
AAPL280317C00212500,2026-05-29 20:00:00+00:00,212.5,28.400000000000002,27.3,28.7,-0.429629,-1.490234,359.0,1602.0,0.27326452712413474,False,REGULAR,USD,28.0,0.05,AAPL,2028-03-17,CALL
AAPL280317C00222500,2026-05-29 20:00:00+00:00,222.5,23.700000000000003,23.35,24.55,0.19729,0.839435,117.0,227.0,0.26958571806478887,False,REGULAR,USD,23.95,0.050104,AAPL,2028-03-17,CALL
AAPL280317C00232500,2026-05-29 20:00:00+00:00,232.5,20.5,19.84,20.86,-0.091346,-0.443614,76.0,4913.0,0.2660686681910996,False,REGULAR,USD,20.35,0.050123,AAPL,2028-03-17,CALL
AAPL280317C00242500,2026-05-29 20:00:00+00:00,242.5,16.95,16.72,17.58,0.529361,3.223754,239.0,14871.0,0.26269974936308943,False,REGULAR,USD,17.15,0.050146,AAPL,2028-03-17,CALL
AAPL280317C00252500,2026-05-29 20:00:00+00:00,252.5,14.600000000000001,13.99,14.71,0.640464,4.588003,44.0,745.0,0.2594669862960593,False,REGULAR,USD,14.35,0.050174,AAPL,2028-03-17,CALL
AAPL280317C00262500,2026-05-29 20:00:00+00:00,262.5,11.950000000000001,11.65,12.25,-0.408092,-3.302225,806.0,1065.0,0.2563597996307582,False,REGULAR,USD,11.95,0.050209,AAPL,2028-03-17,CALL
AAPL280317C00272500,2026-05-29 20:00:00+00:00,272.5,9.8,9.65,10.15,0.353434,3.741402,957.0,246.0,0.2533687970650286,False,REGULAR,USD,9.9,0.050505,AAPL,2028-03-17,CALL
AAPL280317C00282500,2026-05-29 20:00:00+00:00,282.5,8.0,7.9,8.3,0.198054,2.538521,889.0,2762.0,0.25048560214637283,False,REGULAR,USD,8.1,0.049383,AAPL,2028-03-17,CALL
AAPL280317C00292500,2026-05-29 20:00:00+00:00,292.5,6.75,6.44,6.77,-0.267278,-3.808856,48.0,3384.0,0.2477027128595396,False,REGULAR,USD,6.605,0.049962,AAPL,2028-03-17,CALL
AAPL280317C00302500,2026-05-29 20:00:00+00:00,302.5,5.3500000000000005,5.22,5.48,-0.114567,-2.096543,25.0,1681.0,0.2450133839956208,False,REGULAR,USD,5.35,0.048598,AAPL,2028-03-17,CALL
AAPL280616C00152500,2026-05-29 20:00:00+00:00,152.5,63.800000000000004,62.99,66.22,3.580596,5.945917,143.0,1339.0,0.3011542893809898,True,REGULAR,USD,64.605,0.049996,AAPL,2028-06-16,CALL
AAPL280616C00162500,2026-05-29 20:00:00+00:00,162.5,58.400000000000006,56.5,59.4,-2.959899,-4.823833,83.0,92.0,0.29607321692320376,True,REGULAR,USD,57.95,0.050043,AAPL,2028-06-16,CALL
AAPL280616C00172500,2026-05-29 20:00:00+00:00,172.5,50.7,50.41,52.99,-2.041564,-3.870883,1349.0,377.0,0.29129567814707397,True,REGULAR,USD,51.7,0.049903,AAPL,2028-06-16,CALL
AAPL280616C00182500,2026-05-29 20:00:00+00:00,182.5,45.95,44.7,47.0,2.220442,5.077669,122.0,6013.0,0.28678744322298344,True,REGULAR,USD,45.85,0.050164,AAPL,2028-06-16,CALL
AAPL280616C00190000,2026-05-29 20:00:00+00:00,190.0,41.85,40.71,42.79,0.329921,0.794606,986.0,699.0,0.2835655312919482,True,REGULAR,USD,41.75,0.04982,AAPL,2028-06-16,CALL
AAPL280616C00192500,2026-05-29 20:00:00+00:00,192.5,40.900000000000006,39.44,41.46,-1.849884,-4.327226,514.0,13082.0,0.28251976476656004,True,REGULAR,USD,40.45,0.049938,AAPL,2028-06-16,CALL
AAPL280616C00195000,2026-05-29 20:00:00+00:00,195.0,39.050000000000004,38.17,40.13,1.613548,4.310099,332.0,2001.0,0.2814874923796874,False,REGULAR,USD,39.15,0.050064,AAPL,2028-06-16,CALL
AAPL280616C00197500,2026-05-29 20:00:00+00:00,197.5,37.95,36.95,38.85,-1.268549,-3.234564,361.0,5184.0,0.280468370317493,False,REGULAR,USD,37.9,0.050132,AAPL,2028-06-16,CALL
AAPL280616C00200000,2026-05-29 20:00:00+00:00,200.0,36.550000000000004,35.73,37.57,1.671567,4.792552,175.0,2969.0,0.27946206774094423,False,REGULAR,USD,36.65,0.050205,AAPL,2028-06-16,CALL
AAPL280616C00202500,2026-05-29 20:00:00+00:00,202.5,35.800000000000004,34.56,36.34,0.453094,1.281849,289.0,2210.0,0.27846826614105963,False,REGULAR,USD,35.45,0.050212,AAPL,2028-06-16,CALL
AAPL280616C00212500,2026-05-29 20:00:00+00:00,212.5,31.5,30.18,31.72,-0.195426,-0.616575,443.0,3621.0,0.2746120979956294,False,REGULAR,USD,30.95,0.049758,AAPL,2028-06-16,CALL
AAPL280616C00222500,2026-05-29 20:00:00+00:00,222.5,27.1,26.18,27.52,0.928654,3.548362,54.0,971.0,0.27093328893628355,False,REGULAR,USD,26.85,0.049907,AAPL,2028-06-16,CALL
AAPL280616C00232500,2026-05-29 20:00:00+00:00,232.5,23.55,22.57,23.73,-0.797145,-3.27408,308.0,270.0,0.26741623906259426,False,REGULAR,USD,23.15,0.050108,AAPL,2028-06-16,CALL
AAPL280616C00242500,2026-05-29 20:00:00+00:00,242.5,19.75,19.35,20.35,0.68703,3.604003,3840.0,1529.0,0.2640473202345841,False,REGULAR,USD,19.85,0.050378,AAPL,2028-06-16,CALL
AAPL280616C00252500,2026-05-29 20:00:00+00:00,252.5,16.85,16.48,17.32,0.372106,2.258213,115.0,2426.0,0.260814557167554,False,REGULAR,USD,16.9,0.049704,AAPL,2028-06-16,CALL
AAPL280616C00262500,2026-05-29 20:00:00+00:00,262.5,14.350000000000001,13.99,14.71,0.48893,3.527361,1435.0,907.0,0.25770737050225284,False,REGULAR,USD,14.35,0.050174,AAPL,2028-06-16,CALL
AAPL280616C00272500,2026-05-29 20:00:00+00:00,272.5,11.950000000000001,11.8,12.4,-0.002556,-0.021385,111.0,695.0,0.25471636793652325,False,REGULAR,USD,12.1,0.049587,AAPL,2028-06-16,CALL
AAPL280616C00282500,2026-05-29 20:00:00+00:00,282.5,10.05,9.85,10.35,-0.432066,-4.121955,212.0,7771.0,0.2518331730178675,False,REGULAR,USD,10.1,0.049505,AAPL,2028-06-16,CALL
AAPL280616C00292500,2026-05-29 20:00:00+00:00,292.5,8.3,8.24,8.66,-0.48152,-5.483333,95.0,1633.0,0.24905028373103424,False,REGULAR,USD,8.45,0.049704,AAPL,2028-06-16,CALL
AAPL280616C00302500,2026-05-29 20:00:00+00:00,302.5,6.9,6.83,7.17,0.332001,5.054827,664.0,1696.0,0.24636095486711546,False,REGULAR,USD,7.0,0.048571,AAPL,2028-06-16,CALL
AAPL280915C00152500,2026-05-29 20:00:00+00:00,152.5,68.2,65.33,68.67,-2.944868,-4.139256,522.0,28356.0,0.3024221967819717,True,REGULAR,USD,67.0,0.049851,AAPL,2028-09-15,CALL
AAPL280915C00162500,2026-05-29 20:00:00+00:00,162.5,61.1,58.99,62.01,2.33451,3.972587,39.0,8389.0,0.29734112432418563,True,REGULAR,USD,60.5,0.049917,AAPL,2028-09-15,CALL
AAPL280915C00172500,2026-05-29 20:00:00+00:00,172.5,55.0,52.99,55.71,-2.172984,-3.800718,2701.0,691.0,0.29256358554805584,True,REGULAR,USD,54.35,0.050046,AAPL,2028-09-15,CALL
AAPL280915C00182500,2026-05-29 20:00:00+00:00,182.5,49.050000000000004,47.38,49.82,2.931314,6.356022,212.0,1054.0,0.2880553506239653,True,REGULAR,USD,48.6,0.050206,AAPL,2028-09-15,CALL
AAPL280915C00190000,2026-05-29 20:00:00+00:00,190.0,43.75,43.44,45.66,2.609928,6.344004,117.0,3123.0,0.2848334386929301,True,REGULAR,USD,44.55,0.049832,AAPL,2028-09-15,CALL
AAPL280915C00192500,2026-05-29 20:00:00+00:00,192.5,43.150000000000006,42.17,44.33,-1.065185,-2.409093,185.0,873.0,0.2837876721675419,True,REGULAR,USD,43.25,0.049942,AAPL,2028-09-15,CALL
AAPL280915C00195000,2026-05-29 20:00:00+00:00,195.0,41.95,40.95,43.05,-2.503263,-5.631224,45.0,1653.0,0.28275539978066927,False,REGULAR,USD,42.0,0.05,AAPL,2028-09-15,CALL
AAPL280915C00197500,2026-05-29 20:00:00+00:00,197.5,40.800000000000004,39.73,41.77,-2.445717,-5.655397,21.0,15515.0,0.28173627771847487,False,REGULAR,USD,40.75,0.050061,AAPL,2028-09-15,CALL
AAPL280915C00200000,2026-05-29 20:00:00+00:00,200.0,38.900000000000006,38.51,40.49,-1.42384,-3.531013,194.0,13047.0,0.2807299751419261,False,REGULAR,USD,39.5,0.050127,AAPL,2028-09-15,CALL
AAPL280915C00202500,2026-05-29 20:00:00+00:00,202.5,38.300000000000004,37.34,39.26,1.344757,3.63888,521.0,960.0,0.2797361735420415,False,REGULAR,USD,38.3,0.050131,AAPL,2028-09-15,CALL
AAPL280915C00212500,2026-05-29 20:00:00+00:00,212.5,33.25,32.91,34.59,-0.756311,-2.224031,446.0,1292.0,0.2758800053966113,False,REGULAR,USD,33.75,0.049778,AAPL,2028-09-15,CALL
AAPL280915C00222500,2026-05-29 20:00:00+00:00,222.5,29.450000000000003,28.91,30.39,0.763761,2.662465,190.0,484.0,0.2722011963372654,False,REGULAR,USD,29.65,0.049916,AAPL,2028-09-15,CALL
AAPL280915C00232500,2026-05-29 20:00:00+00:00,232.5,25.450000000000003,25.2,26.5,-0.133057,-0.520098,81.0,13598.0,0.26868414646357613,False,REGULAR,USD,25.85,0.05029,AAPL,2028-09-15,CALL
AAPL280915C00242500,2026-05-29 20:00:00+00:00,242.5,22.700000000000003,21.89,23.01,-0.899357,-3.810939,72.0,5.0,0.265315227635566,False,REGULAR,USD,22.45,0.049889,AAPL,2028-09-15,CALL
AAPL280915C00252500,2026-05-29 20:00:00+00:00,252.5,19.650000000000002,18.96,19.94,-0.320637,-1.605542,74.0,2959.0,0.26208246456853584,False,REGULAR,USD,19.45,0.050386,AAPL,2028-09-15,CALL
AAPL280915C00262500,2026-05-29 20:00:00+00:00,262.5,16.650000000000002,16.28,17.12,0.478143,2.956636,418.0,1560.0,0.2589752779032347,False,REGULAR,USD,16.7,0.050299,AAPL,2028-09-15,CALL
AAPL280915C00272500,2026-05-29 20:00:00+00:00,272.5,14.5,13.94,14.66,0.347096,2.452472,508.0,71.0,0.2559842753375051,False,REGULAR,USD,14.3,0.05035,AAPL,2028-09-15,CALL
AAPL280915C00282500,2026-05-29 20:00:00+00:00,282.5,12.15,11.9,12.51,0.580165,5.014462,584.0,1116.0,0.2531010804188494,False,REGULAR,USD,12.205,0.04998,AAPL,2028-09-15,CALL
AAPL280915C00292500,2026-05-29 20:00:00+00:00,292.5,10.200000000000001,10.09,10.61,-0.178759,-1.722354,89.0,580.0,0.2503181911320161,False,REGULAR,USD,10.35,0.050242,AAPL,2028-09-15,CALL
AAPL280915C00302500,2026-05-29 20:00:00+00:00,302.5,8.6,8.48,8.92,-0.294807,-3.314372,477.0,958.0,0.24762886226809733,False,REGULAR,USD,8.7,0.050575,AAPL,2028-09-15,CALL
AAPL281215C00152500,2026-05-29 20:00:00+00:00,152.5,68.60000000000001,67.62,71.08,-3.142126,-4.37975,3279.0,1348.0,0.3036230928249276,True,REGULAR,USD,69.35,0.049892,AAPL,2028-12-15,CALL
AAPL281215C00162500,2026-05-29 20:00:00+00:00,162.5,63.050000000000004,61.38,64.52,0.488536,0.78089,1211.0,192.0,0.29854202036714156,True,REGULAR,USD,62.95,0.049881,AAPL,2028-12-15,CALL
AAPL281215C00172500,2026-05-29 20:00:00+00:00,172.5,56.0,55.48,58.32,1.833745,3.385401,175.0,1173.0,0.29376448159101176,True,REGULAR,USD,56.9,0.049912,AAPL,2028-12-15,CALL
AAPL281215C00182500,2026-05-29 20:00:00+00:00,182.5,51.2,49.97,52.53,-3.027329,-5.582663,4101.0,247.0,0.28925624666692124,True,REGULAR,USD,51.25,0.049951,AAPL,2028-12-15,CALL
AAPL281215C00190000,2026-05-29 20:00:00+00:00,190.0,48.050000000000004,46.07,48.43,-1.125621,-2.288982,947.0,5407.0,0.286034334735886,True,REGULAR,USD,47.25,0.049947,AAPL,2028-12-15,CALL
AAPL281215C00192500,2026-05-29 20:00:00+00:00,192.5,46.85,44.8,47.1,-1.857129,-3.812848,454.0,781.0,0.28498856821049784,True,REGULAR,USD,45.95,0.050054,AAPL,2028-12-15,CALL
AAPL281215C00195000,2026-05-29 20:00:00+00:00,195.0,44.400000000000006,43.58,45.82,-0.390707,-0.872295,11.0,11981.0,0.2839562958236252,False,REGULAR,USD,44.7,0.050112,AAPL,2028-12-15,CALL
AAPL281215C00197500,2026-05-29 20:00:00+00:00,197.5,43.85,42.36,44.54,-2.422928,-5.236167,225.0,6618.0,0.2829371737614308,False,REGULAR,USD,43.45,0.050173,AAPL,2028-12-15,CALL
AAPL281215C00200000,2026-05-29 20:00:00+00:00,200.0,43.050000000000004,41.19,43.31,1.8565,4.506779,671.0,1294.0,0.281930871184882,False,REGULAR,USD,42.25,0.050178,AAPL,2028-12-15,CALL
AAPL281215C00202500,2026-05-29 20:00:00+00:00,202.5,41.650000000000006,40.02,42.08,-2.43761,-5.529014,969.0,4674.0,0.2809370695849974,False,REGULAR,USD,41.05,0.050183,AAPL,2028-12-15,CALL
AAPL281215C00212500,2026-05-29 20:00:00+00:00,212.5,36.85,35.59,37.41,1.65602,4.705407,7387.0,70.0,0.2770809014395672,False,REGULAR,USD,36.5,0.049863,AAPL,2028-12-15,CALL
AAPL281215C00222500,2026-05-29 20:00:00+00:00,222.5,32.25,31.54,33.16,-1.825511,-5.357252,88.0,487.0,0.27340209238022134,False,REGULAR,USD,32.35,0.050077,AAPL,2028-12-15,CALL
AAPL281215C00232500,2026-05-29 20:00:00+00:00,232.5,28.1,27.79,29.21,0.049084,0.174982,65.0,3625.0,0.26988504250653206,False,REGULAR,USD,28.5,0.049825,AAPL,2028-12-15,CALL
AAPL281215C00242500,2026-05-29 20:00:00+00:00,242.5,24.75,24.42,25.68,0.086794,0.351917,76.0,3769.0,0.2665161236785219,False,REGULAR,USD,25.05,0.050299,AAPL,2028-12-15,CALL
AAPL281215C00252500,2026-05-29 20:00:00+00:00,252.5,22.1,21.35,22.45,-1.066989,-4.605644,67.0,1249.0,0.26328336061149177,False,REGULAR,USD,21.9,0.050228,AAPL,2028-12-15,CALL
AAPL281215C00262500,2026-05-29 20:00:00+00:00,262.5,19.200000000000003,18.62,19.58,0.495417,2.64864,1140.0,182.0,0.26017617394619064,False,REGULAR,USD,19.1,0.050262,AAPL,2028-12-15,CALL
AAPL281215C00272500,2026-05-29 20:00:00+00:00,272.5,16.3,16.14,16.96,0.204819,1.272549,258.0,1221.0,0.25718517138046104,False,REGULAR,USD,16.55,0.049547,AAPL,2028-12-15,CALL
AAPL281215C00282500,2026-05-29 20:00:00+00:00,282.5,14.15,13.94,14.66,-0.790818,-5.293003,159.0,125.0,0.2543019764618053,False,REGULAR,USD,14.3,0.05035,AAPL,2028-12-15,CALL
AAPL281215C00292500,2026-05-29 20:00:00+00:00,292.5,12.25,11.99,12.61,-0.152658,-1.230849,61.0,8678.0,0.251519087174972,False,REGULAR,USD,12.3,0.050407,AAPL,2028-12-15,CALL
AAPL281215C00302500,2026-05-29 20:00:00+00:00,302.5,10.55,10.24,10.76,-0.209464,-1.946788,102.0,1066.0,0.24882975831105325,False,REGULAR,USD,10.5,0.049524,AAPL,2028-12-15,CALL
